alert_id,transaction_id,customer_id,account_id,alert_date,scenario,alert_score,alert_status,priority,assigned_analyst,resolution_date,false_positive
ALT00001,TXN001653,CUST0485,ACC00634,2022-05-05 00:25:00,PEP Transaction,80,Open,Low,Analyst_06,,No
ALT00002,TXN002798,CUST0379,ACC00496,2024-02-28 08:52:00,Rapid Movement,87,Open,High,Analyst_10,,No
ALT00003,TXN000031,CUST0345,ACC00451,2022-09-02 21:51:00,PEP Transaction,88,Under Review,Medium,Analyst_05,,No
ALT00004,TXN000358,CUST0016,ACC00022,2024-01-03 02:23:00,High-Risk Geography,77,Closed-False Positive,Medium,Analyst_02,2024-02-05 11:56:00,No
ALT00005,TXN000470,CUST0491,ACC00642,2023-01-23 14:10:00,Rapid Movement,65,Open,Low,Analyst_09,,No
ALT00006,TXN000305,CUST0112,ACC00150,2024-04-10 11:57:00,High-Risk Geography,98,Open,Medium,Analyst_06,,No
ALT00007,TXN004623,CUST0462,ACC00604,2024-08-16 08:40:00,Round-Trip Transaction,44,Under Review,Medium,Analyst_01,,Yes
ALT00008,TXN001542,CUST0284,ACC00373,2024-02-20 17:09:00,Structuring,100,Under Review,Medium,Analyst_10,,No
ALT00009,TXN004079,CUST0431,ACC00563,2023-10-01 15:10:00,High-Risk Geography,41,Closed-False Positive,Medium,Analyst_08,2023-11-28 16:31:00,No
ALT00010,TXN000277,CUST0491,ACC00642,2024-03-06 07:52:00,Layering,62,Under Review,High,Analyst_04,,Yes
ALT00011,TXN001358,CUST0054,ACC00076,2023-08-16 20:02:00,Layering,30,Closed-False Positive,Medium,Analyst_04,2023-09-25 17:47:00,No
ALT00012,TXN004344,CUST0162,ACC00215,2023-10-31 15:01:00,Dormant Account Activity,71,Under Review,Medium,Analyst_03,,Yes
ALT00013,TXN003228,CUST0279,ACC00365,2023-06-16 05:44:00,Dormant Account Activity,69,Closed-False Positive,Medium,Analyst_02,2023-08-04 09:23:00,No
ALT00014,TXN004465,CUST0028,ACC00039,2024-07-09 10:43:00,Layering,60,Open,High,Analyst_02,,Yes
ALT00015,TXN000290,CUST0073,ACC00103,2023-10-24 15:45:00,High-Risk Geography,79,Closed-SAR Filed,Medium,Analyst_05,2023-12-13 13:43:00,No
ALT00016,TXN003871,CUST0087,ACC00120,2023-11-21 02:25:00,PEP Transaction,35,Open,High,Analyst_04,,No
ALT00017,TXN002685,CUST0111,ACC00148,2022-06-22 18:43:00,Round-Trip Transaction,67,Open,Medium,Analyst_06,,Yes
ALT00018,TXN004263,CUST0352,ACC00462,2023-04-26 09:34:00,PEP Transaction,77,Open,Low,Analyst_07,,No
ALT00019,TXN001912,CUST0402,ACC00528,2023-03-18 09:45:00,Layering,49,Closed-False Positive,High,Analyst_01,2023-05-13 05:31:00,Yes
ALT00020,TXN004236,CUST0362,ACC00476,2023-12-02 19:53:00,PEP Transaction,83,Closed-False Positive,Medium,Analyst_05,2024-01-31 13:20:00,No
ALT00021,TXN000106,CUST0211,ACC00282,2024-11-10 23:45:00,High-Risk Geography,99,Closed-False Positive,High,Analyst_05,2024-12-03 20:53:00,No
ALT00022,TXN002401,CUST0195,ACC00259,2023-01-29 04:14:00,High-Risk Geography,70,Closed-SAR Filed,Medium,Analyst_06,2023-02-24 09:55:00,No
ALT00023,TXN000689,CUST0248,ACC00327,2022-07-22 08:45:00,PEP Transaction,36,Under Review,Low,Analyst_01,,No
ALT00024,TXN004895,CUST0205,ACC00274,2023-08-12 14:44:00,High-Risk Geography,34,Closed-SAR Filed,High,Analyst_02,2023-10-10 18:20:00,Yes
ALT00025,TXN000884,CUST0205,ACC00274,2024-06-15 21:58:00,Structuring,74,Under Review,Medium,Analyst_07,,Yes
ALT00026,TXN004865,CUST0324,ACC00426,2022-01-16 20:44:00,Round-Trip Transaction,31,Escalated,Medium,Analyst_10,2022-03-05 04:21:00,No
ALT00027,TXN000311,CUST0170,ACC00225,2023-09-10 19:09:00,Unusual Cash Pattern,82,Closed-False Positive,Low,Analyst_03,2023-09-21 22:09:00,Yes
ALT00028,TXN004612,CUST0314,ACC00414,2024-09-16 22:22:00,Round-Trip Transaction,37,Closed-False Positive,Medium,Analyst_09,2024-11-14 03:45:00,Yes
ALT00029,TXN004852,CUST0148,ACC00196,2023-08-22 08:29:00,High-Risk Geography,45,Open,High,Analyst_01,,No
ALT00030,TXN003332,CUST0287,ACC00376,2024-01-16 22:56:00,Round-Trip Transaction,34,Closed-SAR Filed,Low,Analyst_05,2024-02-05 23:33:00,Yes
ALT00031,TXN003010,CUST0060,ACC00085,2023-09-18 14:05:00,Rapid Movement,70,Under Review,Low,Analyst_04,,No
ALT00032,TXN000794,CUST0148,ACC00197,2022-11-18 23:19:00,Structuring,45,Under Review,High,Analyst_08,,No
ALT00033,TXN004319,CUST0154,ACC00203,2023-01-12 14:00:00,High-Risk Geography,62,Under Review,Low,Analyst_07,,Yes
ALT00034,TXN002648,CUST0003,ACC00004,2024-05-20 17:34:00,Unusual Cash Pattern,50,Closed-False Positive,Medium,Analyst_02,2024-06-19 12:33:00,Yes
ALT00035,TXN003289,CUST0375,ACC00491,2022-10-12 19:04:00,Structuring,98,Under Review,Low,Analyst_04,,No
ALT00036,TXN004536,CUST0254,ACC00334,2022-10-04 11:00:00,Structuring,40,Under Review,High,Analyst_01,,No
ALT00037,TXN003286,CUST0150,ACC00199,2023-08-16 01:00:00,Structuring,78,Open,Low,Analyst_03,,No
ALT00038,TXN001534,CUST0201,ACC00268,2023-06-09 08:12:00,Unusual Cash Pattern,83,Closed-False Positive,Medium,Analyst_10,2023-06-23 22:31:00,No
ALT00039,TXN004146,CUST0050,ACC00069,2022-12-10 15:55:00,High-Risk Geography,66,Open,Medium,Analyst_06,,No
ALT00040,TXN004772,CUST0097,ACC00132,2024-10-09 18:33:00,High-Risk Geography,37,Closed-False Positive,Medium,Analyst_06,2024-11-15 08:06:00,Yes
ALT00041,TXN003963,CUST0030,ACC00042,2022-10-19 16:08:00,Unusual Cash Pattern,51,Under Review,Low,Analyst_04,,No
ALT00042,TXN004869,CUST0380,ACC00499,2024-11-28 13:08:00,Structuring,47,Closed-False Positive,Medium,Analyst_05,2024-12-29 11:38:00,No
ALT00043,TXN004494,CUST0147,ACC00195,2022-12-27 17:45:00,Dormant Account Activity,40,Open,High,Analyst_10,,No
ALT00044,TXN004648,CUST0485,ACC00634,2022-07-19 04:15:00,Unusual Cash Pattern,54,Under Review,Low,Analyst_02,,No
ALT00045,TXN002453,CUST0302,ACC00396,2024-02-17 22:18:00,Layering,92,Under Review,Low,Analyst_10,,Yes
ALT00046,TXN000850,CUST0069,ACC00098,2023-09-20 07:42:00,Layering,44,Open,Medium,Analyst_08,,Yes
ALT00047,TXN000037,CUST0137,ACC00185,2023-10-15 07:36:00,Dormant Account Activity,38,Open,Low,Analyst_04,,No
ALT00048,TXN002324,CUST0440,ACC00576,2023-03-24 09:41:00,Layering,93,Under Review,Low,Analyst_02,,No
ALT00049,TXN004843,CUST0435,ACC00568,2024-02-08 22:30:00,Dormant Account Activity,62,Escalated,High,Analyst_02,2024-02-23 20:30:00,No
ALT00050,TXN002486,CUST0421,ACC00551,2024-03-07 05:37:00,Unusual Cash Pattern,34,Open,Low,Analyst_05,,Yes
ALT00051,TXN002590,CUST0337,ACC00442,2024-01-21 20:46:00,PEP Transaction,36,Open,High,Analyst_06,,No
ALT00052,TXN000237,CUST0259,ACC00340,2022-06-23 23:47:00,PEP Transaction,58,Open,High,Analyst_05,,No
ALT00053,TXN002704,CUST0447,ACC00586,2024-08-10 02:23:00,Rapid Movement,67,Under Review,Medium,Analyst_03,,No
ALT00054,TXN002142,CUST0463,ACC00606,2024-04-18 02:25:00,Round-Trip Transaction,44,Open,High,Analyst_08,,Yes
ALT00055,TXN004460,CUST0231,ACC00305,2023-10-23 12:15:00,Structuring,82,Closed-SAR Filed,Medium,Analyst_07,2023-12-08 12:41:00,No
ALT00056,TXN001596,CUST0303,ACC00398,2022-07-22 05:07:00,Round-Trip Transaction,62,Closed-SAR Filed,Medium,Analyst_07,2022-09-11 10:02:00,No
ALT00057,TXN001942,CUST0020,ACC00027,2023-10-28 03:47:00,Dormant Account Activity,66,Closed-False Positive,High,Analyst_07,2023-11-21 05:55:00,No
ALT00058,TXN000640,CUST0200,ACC00266,2022-10-12 12:13:00,Structuring,85,Open,High,Analyst_06,,No
ALT00059,TXN001160,CUST0326,ACC00428,2022-11-12 17:14:00,PEP Transaction,79,Closed-SAR Filed,Low,Analyst_09,2023-01-05 17:14:00,Yes
ALT00060,TXN003415,CUST0385,ACC00506,2024-01-11 10:37:00,Rapid Movement,85,Closed-False Positive,Medium,Analyst_09,2024-02-22 08:04:00,No
ALT00061,TXN000662,CUST0310,ACC00407,2023-07-05 23:48:00,High-Risk Geography,38,Under Review,Low,Analyst_01,,Yes
ALT00062,TXN000103,CUST0332,ACC00435,2022-12-29 21:29:00,Dormant Account Activity,78,Closed-False Positive,Medium,Analyst_08,2023-01-12 20:56:00,No
ALT00063,TXN003300,CUST0047,ACC00065,2024-02-29 11:49:00,Unusual Cash Pattern,100,Closed-SAR Filed,High,Analyst_03,2024-03-16 16:51:00,Yes
ALT00064,TXN002603,CUST0488,ACC00638,2022-01-21 20:19:00,Layering,87,Closed-False Positive,Low,Analyst_07,2022-02-09 09:39:00,No
ALT00065,TXN004951,CUST0240,ACC00316,2024-11-01 22:51:00,Rapid Movement,81,Under Review,High,Analyst_06,,No
ALT00066,TXN002439,CUST0001,ACC00001,2022-05-14 08:18:00,Layering,32,Closed-False Positive,Medium,Analyst_06,2022-05-21 20:51:00,No
ALT00067,TXN001805,CUST0362,ACC00476,2023-07-22 19:36:00,Dormant Account Activity,35,Under Review,Medium,Analyst_09,,No
ALT00068,TXN002133,CUST0303,ACC00397,2023-07-11 22:37:00,Rapid Movement,70,Closed-SAR Filed,High,Analyst_05,2023-08-27 23:37:00,Yes
ALT00069,TXN000670,CUST0292,ACC00382,2023-09-16 06:44:00,Structuring,90,Closed-SAR Filed,Low,Analyst_09,2023-11-08 11:57:00,No
ALT00070,TXN002879,CUST0188,ACC00250,2023-01-25 08:50:00,Round-Trip Transaction,67,Open,Medium,Analyst_01,,Yes
ALT00071,TXN003052,CUST0180,ACC00239,2024-10-11 06:44:00,High-Risk Geography,99,Under Review,High,Analyst_05,,No
ALT00072,TXN003353,CUST0443,ACC00581,2024-07-02 09:26:00,High-Risk Geography,75,Closed-False Positive,Low,Analyst_05,2024-08-23 19:04:00,No
ALT00073,TXN004189,CUST0418,ACC00548,2024-09-21 08:11:00,Rapid Movement,95,Open,Medium,Analyst_03,,No
ALT00074,TXN004973,CUST0178,ACC00236,2024-10-26 21:21:00,Structuring,81,Closed-False Positive,Medium,Analyst_06,2024-11-29 11:57:00,No
ALT00075,TXN002176,CUST0170,ACC00226,2024-11-28 17:23:00,Layering,87,Under Review,Low,Analyst_05,,No
ALT00076,TXN000435,CUST0292,ACC00382,2022-01-21 01:39:00,Layering,90,Under Review,Low,Analyst_03,,No
ALT00077,TXN001496,CUST0228,ACC00302,2024-05-01 16:49:00,High-Risk Geography,95,Open,High,Analyst_09,,Yes
ALT00078,TXN000897,CUST0259,ACC00341,2023-10-05 04:23:00,High-Risk Geography,100,Under Review,High,Analyst_10,,Yes
ALT00079,TXN004555,CUST0238,ACC00314,2024-11-18 15:30:00,Dormant Account Activity,77,Escalated,Medium,Analyst_05,2024-12-09 07:04:00,No
ALT00080,TXN002385,CUST0201,ACC00267,2024-04-26 07:17:00,Dormant Account Activity,74,Under Review,Medium,Analyst_07,,Yes
ALT00081,TXN000394,CUST0301,ACC00394,2024-05-27 13:21:00,Layering,71,Under Review,Medium,Analyst_09,,No
ALT00082,TXN000380,CUST0075,ACC00105,2022-04-22 02:57:00,Layering,80,Closed-SAR Filed,High,Analyst_08,2022-05-24 01:22:00,No
ALT00083,TXN001021,CUST0476,ACC00623,2023-10-24 13:42:00,Round-Trip Transaction,76,Open,Medium,Analyst_06,,No
ALT00084,TXN003759,CUST0358,ACC00472,2024-08-21 20:58:00,Structuring,32,Closed-SAR Filed,Low,Analyst_04,2024-09-15 09:52:00,No
ALT00085,TXN000778,CUST0272,ACC00357,2023-05-10 14:08:00,Rapid Movement,47,Under Review,High,Analyst_06,,No
ALT00086,TXN003845,CUST0438,ACC00573,2022-10-17 11:58:00,Structuring,53,Escalated,High,Analyst_02,2022-10-25 19:14:00,Yes
ALT00087,TXN000496,CUST0294,ACC00385,2024-04-05 09:13:00,Round-Trip Transaction,88,Closed-False Positive,Medium,Analyst_05,2024-05-31 22:52:00,Yes
ALT00088,TXN003728,CUST0153,ACC00202,2024-08-16 09:52:00,Structuring,74,Closed-False Positive,Low,Analyst_02,2024-09-23 15:34:00,No
ALT00089,TXN001430,CUST0192,ACC00255,2024-09-20 07:24:00,High-Risk Geography,43,Closed-False Positive,Medium,Analyst_02,2024-10-28 05:06:00,No
ALT00090,TXN003927,CUST0251,ACC00331,2024-08-11 02:50:00,PEP Transaction,87,Under Review,Medium,Analyst_09,,No
ALT00091,TXN000452,CUST0400,ACC00524,2022-09-24 17:12:00,Rapid Movement,90,Under Review,Medium,Analyst_06,,No
ALT00092,TXN003867,CUST0132,ACC00179,2024-11-23 13:57:00,Structuring,69,Open,Medium,Analyst_03,,No
ALT00093,TXN003620,CUST0353,ACC00464,2022-08-02 23:26:00,Dormant Account Activity,91,Under Review,High,Analyst_01,,Yes
ALT00094,TXN000997,CUST0302,ACC00395,2022-07-24 00:45:00,High-Risk Geography,93,Under Review,Medium,Analyst_06,,No
ALT00095,TXN001175,CUST0269,ACC00353,2024-07-01 23:45:00,Dormant Account Activity,94,Closed-False Positive,Medium,Analyst_04,2024-07-06 00:08:00,No
ALT00096,TXN004449,CUST0486,ACC00636,2024-07-07 21:29:00,PEP Transaction,43,Closed-SAR Filed,Medium,Analyst_07,2024-08-11 18:23:00,No
ALT00097,TXN003634,CUST0059,ACC00083,2024-12-01 00:32:00,High-Risk Geography,73,Under Review,Medium,Analyst_10,,No
ALT00098,TXN003687,CUST0181,ACC00240,2022-12-10 07:12:00,Round-Trip Transaction,95,Closed-SAR Filed,Medium,Analyst_08,2022-12-29 20:07:00,No
ALT00099,TXN000457,CUST0294,ACC00385,2022-11-23 01:13:00,Rapid Movement,99,Under Review,Medium,Analyst_05,,No
ALT00100,TXN003857,CUST0151,ACC00200,2022-06-14 14:36:00,PEP Transaction,98,Under Review,Medium,Analyst_09,,No
ALT00101,TXN002030,CUST0013,ACC00017,2022-12-02 08:24:00,Layering,98,Open,Medium,Analyst_06,,Yes
ALT00102,TXN001835,CUST0310,ACC00407,2022-06-29 05:31:00,Unusual Cash Pattern,46,Open,High,Analyst_09,,Yes
ALT00103,TXN004978,CUST0136,ACC00184,2022-01-07 08:53:00,High-Risk Geography,43,Open,Medium,Analyst_02,,No
ALT00104,TXN001736,CUST0343,ACC00449,2023-08-16 10:05:00,Rapid Movement,54,Under Review,High,Analyst_09,,No
ALT00105,TXN004905,CUST0140,ACC00188,2024-11-29 02:47:00,Rapid Movement,71,Closed-False Positive,Medium,Analyst_09,2024-12-30 22:39:00,No
ALT00106,TXN002160,CUST0486,ACC00636,2024-12-21 23:13:00,Layering,90,Closed-False Positive,High,Analyst_02,2024-12-26 06:16:00,No
ALT00107,TXN004005,CUST0141,ACC00189,2022-08-30 04:15:00,Dormant Account Activity,93,Closed-SAR Filed,Medium,Analyst_09,2022-10-06 20:50:00,No
ALT00108,TXN004194,CUST0333,ACC00436,2024-10-16 05:50:00,PEP Transaction,57,Under Review,Medium,Analyst_08,,No
ALT00109,TXN001038,CUST0464,ACC00607,2023-02-25 23:46:00,Rapid Movement,32,Escalated,Medium,Analyst_09,2023-03-21 13:01:00,No
ALT00110,TXN003631,CUST0300,ACC00393,2023-01-31 06:52:00,Dormant Account Activity,31,Closed-False Positive,Medium,Analyst_03,2023-02-22 06:18:00,Yes
ALT00111,TXN000632,CUST0494,ACC00645,2024-02-11 07:22:00,Round-Trip Transaction,87,Escalated,High,Analyst_02,2024-02-24 09:09:00,No
ALT00112,TXN000871,CUST0365,ACC00479,2024-02-18 21:12:00,Round-Trip Transaction,95,Closed-False Positive,Low,Analyst_04,2024-03-08 08:07:00,No
ALT00113,TXN003863,CUST0103,ACC00140,2023-08-22 03:13:00,High-Risk Geography,54,Closed-False Positive,Medium,Analyst_05,2023-09-14 10:20:00,No
ALT00114,TXN004905,CUST0140,ACC00188,2022-12-15 23:36:00,Round-Trip Transaction,36,Closed-False Positive,High,Analyst_03,2023-01-16 16:29:00,Yes
ALT00115,TXN004015,CUST0220,ACC00292,2022-09-07 01:53:00,Dormant Account Activity,57,Escalated,Low,Analyst_02,2022-11-01 03:56:00,Yes
ALT00116,TXN003680,CUST0303,ACC00397,2024-08-21 20:16:00,Layering,82,Open,High,Analyst_03,,No
ALT00117,TXN002489,CUST0393,ACC00515,2022-11-09 16:11:00,Round-Trip Transaction,95,Under Review,Medium,Analyst_04,,Yes
ALT00118,TXN000304,CUST0302,ACC00396,2024-06-02 13:30:00,Round-Trip Transaction,98,Open,Medium,Analyst_10,,Yes
ALT00119,TXN001837,CUST0266,ACC00349,2023-02-21 17:12:00,PEP Transaction,75,Closed-False Positive,Medium,Analyst_09,2023-04-11 15:39:00,Yes
ALT00120,TXN002006,CUST0431,ACC00563,2024-01-16 08:35:00,Layering,42,Open,Low,Analyst_09,,No
ALT00121,TXN000793,CUST0281,ACC00367,2022-03-02 16:47:00,High-Risk Geography,46,Closed-SAR Filed,Medium,Analyst_06,2022-04-19 22:33:00,No
ALT00122,TXN004812,CUST0467,ACC00611,2023-07-08 15:09:00,Unusual Cash Pattern,78,Closed-False Positive,Low,Analyst_06,2023-07-15 02:03:00,Yes
ALT00123,TXN004175,CUST0363,ACC00477,2024-10-27 16:23:00,High-Risk Geography,66,Closed-False Positive,Low,Analyst_04,2024-12-08 08:31:00,No
ALT00124,TXN002050,CUST0090,ACC00123,2022-02-20 21:51:00,Structuring,98,Closed-False Positive,Medium,Analyst_02,2022-04-15 06:30:00,Yes
ALT00125,TXN000884,CUST0205,ACC00274,2022-11-17 21:21:00,Layering,60,Open,Medium,Analyst_05,,No
ALT00126,TXN001940,CUST0259,ACC00340,2024-05-06 10:36:00,Unusual Cash Pattern,90,Closed-SAR Filed,Low,Analyst_08,2024-07-02 19:59:00,Yes
ALT00127,TXN004176,CUST0384,ACC00505,2023-12-30 06:51:00,Round-Trip Transaction,63,Escalated,Medium,Analyst_06,2024-02-05 06:47:00,No
ALT00128,TXN004078,CUST0406,ACC00533,2023-03-16 13:17:00,Layering,66,Open,Medium,Analyst_02,,No
ALT00129,TXN000661,CUST0009,ACC00011,2022-02-09 02:42:00,High-Risk Geography,40,Closed-False Positive,Low,Analyst_10,2022-02-19 20:43:00,No
ALT00130,TXN001998,CUST0224,ACC00297,2024-02-16 12:38:00,Structuring,55,Under Review,Low,Analyst_09,,No
ALT00131,TXN000853,CUST0493,ACC00644,2023-01-03 22:22:00,Structuring,46,Under Review,High,Analyst_09,,Yes
ALT00132,TXN001774,CUST0498,ACC00650,2023-11-23 04:35:00,High-Risk Geography,99,Under Review,Medium,Analyst_06,,No
ALT00133,TXN003977,CUST0336,ACC00440,2024-05-15 15:39:00,High-Risk Geography,59,Closed-False Positive,High,Analyst_06,2024-06-09 13:51:00,No
ALT00134,TXN004285,CUST0332,ACC00435,2024-03-29 00:03:00,Layering,96,Under Review,Low,Analyst_03,,No
ALT00135,TXN000777,CUST0473,ACC00619,2023-12-01 01:29:00,Dormant Account Activity,55,Closed-SAR Filed,Medium,Analyst_01,2023-12-27 12:39:00,No
ALT00136,TXN004752,CUST0013,ACC00018,2022-08-03 13:20:00,Structuring,81,Closed-SAR Filed,High,Analyst_06,2022-08-07 07:28:00,No
ALT00137,TXN000805,CUST0052,ACC00072,2023-12-24 04:28:00,Round-Trip Transaction,65,Closed-SAR Filed,Low,Analyst_02,2024-02-21 05:34:00,Yes
ALT00138,TXN004872,CUST0116,ACC00156,2024-05-24 20:49:00,Unusual Cash Pattern,68,Open,High,Analyst_07,,No
ALT00139,TXN004789,CUST0155,ACC00206,2022-11-11 04:52:00,High-Risk Geography,51,Closed-False Positive,Low,Analyst_04,2022-11-30 19:26:00,No
ALT00140,TXN002837,CUST0205,ACC00274,2024-12-10 00:54:00,High-Risk Geography,91,Closed-SAR Filed,Low,Analyst_06,2024-12-25 13:00:00,No
ALT00141,TXN001843,CUST0296,ACC00387,2024-03-03 12:06:00,High-Risk Geography,57,Open,High,Analyst_10,,Yes
ALT00142,TXN000738,CUST0327,ACC00429,2023-07-03 22:53:00,Dormant Account Activity,73,Open,Medium,Analyst_08,,Yes
ALT00143,TXN002435,CUST0003,ACC00005,2023-07-08 03:41:00,PEP Transaction,53,Under Review,Medium,Analyst_09,,No
ALT00144,TXN004223,CUST0395,ACC00517,2023-05-01 07:53:00,Rapid Movement,40,Closed-SAR Filed,Medium,Analyst_03,2023-05-24 07:39:00,No
ALT00145,TXN000072,CUST0327,ACC00429,2022-11-23 08:40:00,High-Risk Geography,96,Closed-False Positive,Medium,Analyst_03,2023-01-19 07:27:00,Yes
ALT00146,TXN002320,CUST0279,ACC00365,2024-05-16 07:45:00,Rapid Movement,62,Open,Medium,Analyst_02,,No
ALT00147,TXN000580,CUST0461,ACC00603,2024-10-15 04:42:00,Dormant Account Activity,40,Closed-SAR Filed,Medium,Analyst_10,2024-12-11 12:39:00,No
ALT00148,TXN000865,CUST0437,ACC00571,2022-04-02 14:40:00,Unusual Cash Pattern,74,Under Review,Medium,Analyst_02,,Yes
ALT00149,TXN000377,CUST0227,ACC00301,2022-06-10 13:31:00,Rapid Movement,46,Open,High,Analyst_07,,No
ALT00150,TXN001395,CUST0214,ACC00286,2024-06-19 14:57:00,PEP Transaction,95,Escalated,Low,Analyst_03,2024-07-04 09:20:00,No
ALT00151,TXN003077,CUST0267,ACC00351,2023-09-06 22:26:00,Dormant Account Activity,33,Under Review,Medium,Analyst_07,,No
ALT00152,TXN001801,CUST0066,ACC00093,2022-12-09 16:09:00,Round-Trip Transaction,59,Under Review,Medium,Analyst_05,,No
ALT00153,TXN001945,CUST0030,ACC00042,2023-03-12 10:44:00,Round-Trip Transaction,73,Closed-SAR Filed,High,Analyst_06,2023-05-02 19:09:00,No
ALT00154,TXN002618,CUST0314,ACC00414,2024-10-23 20:35:00,Layering,78,Under Review,High,Analyst_10,,No
ALT00155,TXN004543,CUST0436,ACC00570,2023-12-31 00:30:00,Layering,52,Under Review,Low,Analyst_09,,No
ALT00156,TXN000624,CUST0009,ACC00011,2022-04-08 21:04:00,Structuring,65,Under Review,Medium,Analyst_06,,No
ALT00157,TXN003428,CUST0409,ACC00537,2022-04-24 06:20:00,Structuring,49,Closed-False Positive,Medium,Analyst_06,2022-05-22 04:31:00,No
ALT00158,TXN004521,CUST0055,ACC00077,2022-07-01 15:37:00,Unusual Cash Pattern,44,Open,High,Analyst_07,,No
ALT00159,TXN003727,CUST0401,ACC00526,2022-04-28 20:09:00,Layering,43,Closed-False Positive,Medium,Analyst_01,2022-05-12 10:32:00,No
ALT00160,TXN001506,CUST0076,ACC00106,2023-07-29 08:40:00,PEP Transaction,41,Closed-False Positive,Medium,Analyst_08,2023-09-08 20:48:00,Yes
ALT00161,TXN003785,CUST0206,ACC00275,2023-07-24 16:50:00,Dormant Account Activity,79,Closed-False Positive,Low,Analyst_05,2023-09-01 12:12:00,No
ALT00162,TXN001656,CUST0010,ACC00013,2022-08-23 16:08:00,Rapid Movement,68,Open,Medium,Analyst_06,,Yes
ALT00163,TXN003469,CUST0393,ACC00515,2022-08-08 17:28:00,PEP Transaction,32,Open,Medium,Analyst_01,,No
ALT00164,TXN004302,CUST0188,ACC00250,2023-01-05 09:30:00,High-Risk Geography,51,Closed-False Positive,Medium,Analyst_08,2023-02-17 04:20:00,No
ALT00165,TXN001681,CUST0024,ACC00032,2022-02-17 20:50:00,Rapid Movement,87,Escalated,High,Analyst_03,2022-04-17 19:27:00,No
ALT00166,TXN001656,CUST0010,ACC00013,2022-05-13 23:56:00,Dormant Account Activity,50,Closed-False Positive,Medium,Analyst_08,2022-06-15 11:46:00,No
ALT00167,TXN002922,CUST0163,ACC00216,2024-02-07 21:51:00,Rapid Movement,78,Under Review,Low,Analyst_08,,No
ALT00168,TXN002590,CUST0337,ACC00442,2022-01-21 10:55:00,Round-Trip Transaction,75,Closed-False Positive,High,Analyst_05,2022-03-19 17:12:00,Yes
ALT00169,TXN000629,CUST0494,ACC00645,2022-04-28 03:40:00,Unusual Cash Pattern,76,Closed-SAR Filed,Medium,Analyst_06,2022-06-10 15:16:00,No
ALT00170,TXN003399,CUST0203,ACC00271,2022-10-11 06:11:00,PEP Transaction,31,Closed-SAR Filed,Low,Analyst_09,2022-12-03 08:40:00,No
ALT00171,TXN002108,CUST0475,ACC00622,2023-01-29 22:22:00,Round-Trip Transaction,31,Under Review,High,Analyst_10,,No
ALT00172,TXN001465,CUST0349,ACC00458,2024-10-25 04:03:00,Unusual Cash Pattern,66,Under Review,Medium,Analyst_08,,Yes
ALT00173,TXN000720,CUST0423,ACC00554,2023-07-01 04:17:00,PEP Transaction,42,Closed-False Positive,Medium,Analyst_06,2023-07-20 20:30:00,No
ALT00174,TXN001315,CUST0475,ACC00621,2023-03-24 01:35:00,Layering,66,Closed-SAR Filed,Low,Analyst_07,2023-05-02 13:39:00,No
ALT00175,TXN002966,CUST0358,ACC00471,2022-07-14 14:47:00,High-Risk Geography,59,Open,High,Analyst_03,,Yes
ALT00176,TXN001267,CUST0483,ACC00632,2023-11-20 13:21:00,Dormant Account Activity,91,Under Review,Medium,Analyst_09,,No
ALT00177,TXN004321,CUST0244,ACC00321,2024-08-30 08:57:00,PEP Transaction,55,Escalated,Medium,Analyst_04,2024-10-10 13:37:00,No
ALT00178,TXN004655,CUST0339,ACC00445,2022-09-02 17:04:00,PEP Transaction,65,Closed-False Positive,Medium,Analyst_07,2022-09-25 09:04:00,No
ALT00179,TXN003960,CUST0326,ACC00428,2023-04-12 17:29:00,Dormant Account Activity,70,Under Review,Medium,Analyst_10,,Yes
ALT00180,TXN000918,CUST0242,ACC00319,2024-04-21 18:59:00,Dormant Account Activity,81,Under Review,High,Analyst_05,,Yes
ALT00181,TXN003212,CUST0036,ACC00049,2024-02-04 06:30:00,High-Risk Geography,67,Under Review,Low,Analyst_02,,No
ALT00182,TXN002177,CUST0358,ACC00471,2022-09-02 05:55:00,Round-Trip Transaction,32,Closed-False Positive,Low,Analyst_09,2022-09-13 00:15:00,No
ALT00183,TXN004958,CUST0344,ACC00450,2023-02-03 02:37:00,High-Risk Geography,100,Closed-SAR Filed,High,Analyst_09,2023-03-26 08:02:00,Yes
ALT00184,TXN000729,CUST0013,ACC00017,2024-07-25 08:49:00,Layering,91,Under Review,Low,Analyst_10,,Yes
ALT00185,TXN000796,CUST0274,ACC00359,2022-08-13 04:07:00,High-Risk Geography,33,Under Review,Low,Analyst_01,,Yes
ALT00186,TXN001515,CUST0043,ACC00058,2024-08-19 03:34:00,Structuring,68,Closed-SAR Filed,Low,Analyst_08,2024-08-27 08:18:00,No
ALT00187,TXN003992,CUST0152,ACC00201,2024-01-26 00:54:00,High-Risk Geography,46,Closed-False Positive,Low,Analyst_02,2024-03-14 09:19:00,Yes
ALT00188,TXN000640,CUST0200,ACC00266,2024-04-05 15:13:00,Layering,69,Closed-False Positive,Medium,Analyst_07,2024-05-27 10:53:00,No
ALT00189,TXN003544,CUST0282,ACC00369,2022-06-19 09:25:00,Round-Trip Transaction,89,Escalated,Medium,Analyst_10,2022-08-07 07:32:00,No
ALT00190,TXN001727,CUST0041,ACC00056,2022-06-20 03:01:00,Dormant Account Activity,88,Closed-SAR Filed,High,Analyst_04,2022-07-29 20:50:00,No
ALT00191,TXN001263,CUST0196,ACC00260,2024-07-31 06:47:00,Structuring,64,Open,High,Analyst_01,,No
ALT00192,TXN003728,CUST0153,ACC00202,2023-06-08 23:17:00,Round-Trip Transaction,60,Under Review,Medium,Analyst_01,,No
ALT00193,TXN001005,CUST0303,ACC00398,2023-03-11 13:44:00,Structuring,85,Open,Low,Analyst_04,,No
ALT00194,TXN002837,CUST0205,ACC00274,2023-06-21 19:27:00,Round-Trip Transaction,44,Under Review,Low,Analyst_10,,No
ALT00195,TXN001282,CUST0044,ACC00061,2023-05-16 11:38:00,High-Risk Geography,72,Open,Medium,Analyst_06,,No
ALT00196,TXN000063,CUST0177,ACC00235,2022-12-13 15:43:00,High-Risk Geography,44,Closed-SAR Filed,Medium,Analyst_07,2023-01-18 10:54:00,Yes
ALT00197,TXN004243,CUST0295,ACC00386,2024-12-07 18:37:00,Structuring,55,Open,High,Analyst_01,,No
ALT00198,TXN004197,CUST0434,ACC00566,2023-08-19 13:07:00,Layering,70,Closed-False Positive,Medium,Analyst_04,2023-09-17 00:43:00,No
ALT00199,TXN003670,CUST0202,ACC00269,2024-11-18 17:51:00,High-Risk Geography,99,Under Review,Low,Analyst_09,,No
ALT00200,TXN003142,CUST0271,ACC00355,2024-07-24 04:56:00,Unusual Cash Pattern,33,Closed-False Positive,Medium,Analyst_09,2024-08-21 08:29:00,No
ALT00201,TXN002548,CUST0351,ACC00461,2024-05-22 07:59:00,Structuring,76,Under Review,Medium,Analyst_10,,Yes
ALT00202,TXN001688,CUST0199,ACC00264,2023-05-08 20:37:00,High-Risk Geography,97,Closed-SAR Filed,Low,Analyst_09,2023-07-08 02:18:00,No
ALT00203,TXN002194,CUST0205,ACC00274,2023-03-09 17:01:00,Structuring,54,Closed-False Positive,Medium,Analyst_07,2023-04-22 20:06:00,No
ALT00204,TXN001669,CUST0101,ACC00138,2022-03-20 12:40:00,Unusual Cash Pattern,93,Closed-SAR Filed,Medium,Analyst_09,2022-05-09 01:05:00,No
ALT00205,TXN001086,CUST0464,ACC00607,2023-02-21 16:49:00,Structuring,81,Closed-SAR Filed,Medium,Analyst_07,2023-04-02 19:08:00,Yes
ALT00206,TXN001131,CUST0251,ACC00331,2022-09-29 11:34:00,High-Risk Geography,49,Closed-False Positive,Low,Analyst_08,2022-10-07 00:34:00,No
ALT00207,TXN004769,CUST0201,ACC00268,2023-06-30 11:03:00,Unusual Cash Pattern,51,Under Review,Medium,Analyst_03,,Yes
ALT00208,TXN004697,CUST0097,ACC00133,2024-03-10 14:58:00,Structuring,76,Open,Medium,Analyst_06,,No
ALT00209,TXN001381,CUST0127,ACC00172,2024-10-08 15:49:00,Rapid Movement,59,Closed-False Positive,Low,Analyst_10,2024-11-29 03:45:00,No
ALT00210,TXN003973,CUST0129,ACC00175,2023-04-22 04:52:00,Rapid Movement,68,Closed-False Positive,Low,Analyst_03,2023-05-28 20:42:00,No
ALT00211,TXN003578,CUST0341,ACC00447,2024-11-09 01:34:00,Dormant Account Activity,71,Under Review,Medium,Analyst_01,,No
ALT00212,TXN003516,CUST0113,ACC00152,2024-05-25 20:54:00,Round-Trip Transaction,44,Open,Low,Analyst_08,,No
ALT00213,TXN000218,CUST0015,ACC00021,2023-11-22 15:40:00,Dormant Account Activity,51,Escalated,High,Analyst_03,2023-11-29 19:29:00,No
ALT00214,TXN002611,CUST0388,ACC00510,2024-05-23 13:10:00,High-Risk Geography,38,Closed-SAR Filed,High,Analyst_07,2024-07-02 23:39:00,No
ALT00215,TXN002308,CUST0469,ACC00613,2023-12-21 12:20:00,Dormant Account Activity,55,Closed-False Positive,Low,Analyst_06,2024-01-10 16:23:00,No
ALT00216,TXN001667,CUST0455,ACC00596,2024-08-21 03:59:00,High-Risk Geography,34,Under Review,High,Analyst_02,,Yes
ALT00217,TXN003859,CUST0170,ACC00225,2024-10-18 03:39:00,Layering,35,Under Review,Medium,Analyst_09,,Yes
ALT00218,TXN000916,CUST0074,ACC00104,2022-12-16 14:08:00,Round-Trip Transaction,72,Closed-SAR Filed,High,Analyst_06,2023-02-12 02:30:00,Yes
ALT00219,TXN002047,CUST0076,ACC00106,2023-01-07 15:27:00,Structuring,50,Escalated,High,Analyst_10,2023-02-07 22:40:00,Yes
ALT00220,TXN000003,CUST0302,ACC00396,2023-08-21 17:51:00,Rapid Movement,81,Escalated,Low,Analyst_09,2023-09-11 20:34:00,No
ALT00221,TXN003087,CUST0337,ACC00442,2022-09-27 03:27:00,Structuring,48,Closed-False Positive,Medium,Analyst_09,2022-10-15 22:44:00,Yes
ALT00222,TXN001809,CUST0023,ACC00031,2023-01-24 10:11:00,Unusual Cash Pattern,56,Closed-False Positive,High,Analyst_08,2023-02-12 19:45:00,No
ALT00223,TXN003497,CUST0294,ACC00385,2022-10-03 02:22:00,Unusual Cash Pattern,82,Closed-False Positive,Medium,Analyst_02,2022-11-14 01:19:00,No
ALT00224,TXN001092,CUST0305,ACC00401,2022-01-27 02:11:00,PEP Transaction,44,Under Review,Medium,Analyst_06,,Yes
ALT00225,TXN001544,CUST0473,ACC00618,2024-02-17 02:34:00,Dormant Account Activity,38,Closed-False Positive,Medium,Analyst_04,2024-03-25 03:05:00,Yes
ALT00226,TXN004876,CUST0018,ACC00024,2023-02-10 21:41:00,Unusual Cash Pattern,42,Open,High,Analyst_10,,No
ALT00227,TXN000993,CUST0299,ACC00392,2023-02-06 05:00:00,Round-Trip Transaction,63,Open,High,Analyst_09,,No
ALT00228,TXN000406,CUST0154,ACC00204,2023-06-27 16:11:00,PEP Transaction,48,Under Review,High,Analyst_04,,No
ALT00229,TXN001683,CUST0140,ACC00188,2022-01-14 19:07:00,Structuring,35,Open,Medium,Analyst_03,,No
ALT00230,TXN001867,CUST0106,ACC00143,2024-10-19 20:34:00,Round-Trip Transaction,59,Under Review,Low,Analyst_09,,No
ALT00231,TXN000266,CUST0371,ACC00485,2024-05-14 12:21:00,Structuring,73,Closed-False Positive,Medium,Analyst_06,2024-05-22 23:47:00,No
ALT00232,TXN002413,CUST0402,ACC00528,2023-02-07 10:15:00,Layering,91,Open,Low,Analyst_04,,No
ALT00233,TXN002575,CUST0208,ACC00277,2023-11-23 15:50:00,PEP Transaction,50,Open,Medium,Analyst_02,,Yes
ALT00234,TXN004199,CUST0147,ACC00195,2023-02-11 15:36:00,Structuring,63,Escalated,High,Analyst_09,2023-02-15 08:04:00,No
ALT00235,TXN003508,CUST0356,ACC00468,2024-08-01 06:35:00,Structuring,33,Closed-False Positive,High,Analyst_03,2024-08-24 20:28:00,No
ALT00236,TXN001984,CUST0217,ACC00289,2022-03-18 10:56:00,Rapid Movement,75,Closed-False Positive,Medium,Analyst_10,2022-03-31 16:52:00,No
ALT00237,TXN001602,CUST0271,ACC00356,2024-05-06 00:50:00,PEP Transaction,74,Closed-False Positive,Medium,Analyst_02,2024-05-24 01:34:00,No
ALT00238,TXN003950,CUST0371,ACC00485,2022-06-28 18:19:00,Dormant Account Activity,39,Under Review,Medium,Analyst_04,,No
ALT00239,TXN003369,CUST0177,ACC00234,2022-01-28 03:42:00,High-Risk Geography,86,Under Review,Medium,Analyst_04,,Yes
ALT00240,TXN004640,CUST0346,ACC00454,2023-11-02 16:42:00,PEP Transaction,69,Under Review,Medium,Analyst_07,,No
ALT00241,TXN001288,CUST0436,ACC00569,2023-01-09 10:45:00,PEP Transaction,80,Closed-SAR Filed,Medium,Analyst_09,2023-01-10 17:54:00,No
ALT00242,TXN001018,CUST0168,ACC00222,2024-10-25 20:42:00,High-Risk Geography,80,Closed-False Positive,Medium,Analyst_02,2024-12-12 19:56:00,No
ALT00243,TXN002423,CUST0444,ACC00582,2022-06-15 16:30:00,Round-Trip Transaction,88,Closed-False Positive,Medium,Analyst_05,2022-06-29 02:17:00,Yes
ALT00244,TXN002577,CUST0487,ACC00637,2024-08-08 19:33:00,High-Risk Geography,34,Under Review,Low,Analyst_02,,No
ALT00245,TXN000924,CUST0491,ACC00642,2022-06-07 08:11:00,Rapid Movement,59,Closed-False Positive,Medium,Analyst_08,2022-06-22 09:58:00,Yes
ALT00246,TXN003113,CUST0480,ACC00628,2022-05-09 23:41:00,Dormant Account Activity,45,Under Review,Medium,Analyst_10,,Yes
ALT00247,TXN002030,CUST0013,ACC00017,2024-04-12 15:15:00,Dormant Account Activity,85,Closed-False Positive,Medium,Analyst_07,2024-05-23 10:08:00,No
ALT00248,TXN003614,CUST0022,ACC00030,2024-07-15 23:02:00,PEP Transaction,72,Under Review,Low,Analyst_09,,Yes
ALT00249,TXN001243,CUST0146,ACC00194,2022-07-15 19:30:00,High-Risk Geography,61,Open,Low,Analyst_05,,Yes
ALT00250,TXN001808,CUST0372,ACC00486,2023-12-27 22:36:00,Rapid Movement,32,Open,Low,Analyst_02,,No
ALT00251,TXN002863,CUST0342,ACC00448,2022-05-09 05:20:00,Structuring,69,Open,Low,Analyst_10,,No
ALT00252,TXN004936,CUST0119,ACC00159,2024-01-02 20:21:00,Layering,73,Under Review,Low,Analyst_06,,No
ALT00253,TXN001369,CUST0209,ACC00278,2022-05-24 16:43:00,Unusual Cash Pattern,73,Closed-False Positive,Low,Analyst_05,2022-07-12 17:18:00,No
ALT00254,TXN001934,CUST0310,ACC00407,2023-09-08 17:30:00,Unusual Cash Pattern,34,Open,Medium,Analyst_01,,No
ALT00255,TXN000877,CUST0049,ACC00067,2022-04-13 19:37:00,Unusual Cash Pattern,52,Closed-False Positive,High,Analyst_08,2022-05-16 05:29:00,No
ALT00256,TXN004951,CUST0240,ACC00316,2022-01-25 05:16:00,Dormant Account Activity,65,Under Review,Low,Analyst_09,,No
ALT00257,TXN001035,CUST0447,ACC00586,2023-07-08 06:59:00,Rapid Movement,67,Closed-False Positive,Medium,Analyst_04,2023-07-29 06:00:00,No
ALT00258,TXN003252,CUST0158,ACC00210,2024-11-14 06:05:00,PEP Transaction,60,Open,Low,Analyst_04,,No
ALT00259,TXN003991,CUST0200,ACC00265,2022-10-01 10:49:00,Layering,59,Open,Medium,Analyst_06,,No
ALT00260,TXN003126,CUST0075,ACC00105,2022-05-25 21:37:00,Dormant Account Activity,69,Open,Low,Analyst_06,,No
ALT00261,TXN004957,CUST0407,ACC00535,2024-08-23 14:10:00,Round-Trip Transaction,83,Closed-SAR Filed,Low,Analyst_10,2024-09-16 19:31:00,No
ALT00262,TXN004094,CUST0420,ACC00550,2024-10-29 05:59:00,High-Risk Geography,68,Closed-False Positive,Medium,Analyst_06,2024-11-15 22:37:00,Yes
ALT00263,TXN003637,CUST0137,ACC00185,2022-12-23 08:49:00,Layering,74,Closed-SAR Filed,Low,Analyst_01,2023-01-01 09:52:00,No
ALT00264,TXN000307,CUST0153,ACC00202,2024-09-20 23:42:00,Rapid Movement,73,Under Review,Medium,Analyst_09,,No
ALT00265,TXN001348,CUST0078,ACC00108,2022-11-04 14:37:00,Unusual Cash Pattern,75,Under Review,Medium,Analyst_07,,No
ALT00266,TXN002536,CUST0265,ACC00348,2023-02-02 08:39:00,Round-Trip Transaction,59,Closed-False Positive,Medium,Analyst_04,2023-03-20 22:08:00,No
ALT00267,TXN000781,CUST0291,ACC00381,2022-07-12 04:51:00,Structuring,41,Open,Low,Analyst_09,,No
ALT00268,TXN000334,CUST0027,ACC00038,2024-01-17 20:09:00,High-Risk Geography,64,Under Review,Low,Analyst_05,,Yes
ALT00269,TXN004399,CUST0293,ACC00383,2022-03-08 05:57:00,High-Risk Geography,37,Closed-False Positive,Medium,Analyst_05,2022-03-13 20:50:00,No
ALT00270,TXN001147,CUST0188,ACC00250,2024-09-02 13:41:00,Round-Trip Transaction,53,Open,Low,Analyst_04,,No
ALT00271,TXN003653,CUST0489,ACC00639,2023-11-04 03:37:00,High-Risk Geography,95,Closed-False Positive,High,Analyst_01,2024-01-03 21:21:00,No
ALT00272,TXN002088,CUST0041,ACC00055,2024-12-23 10:38:00,Round-Trip Transaction,100,Under Review,High,Analyst_03,,No
ALT00273,TXN003073,CUST0066,ACC00093,2022-08-09 19:54:00,Round-Trip Transaction,39,Closed-SAR Filed,Medium,Analyst_09,2022-09-29 09:52:00,No
ALT00274,TXN004066,CUST0048,ACC00066,2023-12-11 08:50:00,PEP Transaction,93,Open,Medium,Analyst_10,,No
ALT00275,TXN002124,CUST0121,ACC00163,2023-06-05 19:28:00,Rapid Movement,91,Under Review,High,Analyst_01,,Yes
ALT00276,TXN003591,CUST0094,ACC00129,2024-06-04 20:15:00,Rapid Movement,75,Closed-False Positive,Medium,Analyst_01,2024-07-31 20:52:00,Yes
ALT00277,TXN001213,CUST0231,ACC00306,2023-01-25 02:37:00,Round-Trip Transaction,70,Closed-SAR Filed,High,Analyst_08,2023-01-31 08:53:00,Yes
ALT00278,TXN004016,CUST0058,ACC00082,2024-02-13 12:20:00,Layering,78,Open,Medium,Analyst_05,,No
ALT00279,TXN000496,CUST0294,ACC00385,2024-06-23 01:31:00,PEP Transaction,64,Escalated,Medium,Analyst_03,2024-07-05 05:03:00,Yes
ALT00280,TXN001303,CUST0317,ACC00417,2022-01-06 18:47:00,PEP Transaction,69,Under Review,Low,Analyst_02,,No
ALT00281,TXN002664,CUST0001,ACC00002,2023-02-16 16:20:00,Unusual Cash Pattern,56,Open,Medium,Analyst_09,,No
ALT00282,TXN001658,CUST0334,ACC00437,2023-11-21 04:51:00,PEP Transaction,86,Open,High,Analyst_01,,Yes
ALT00283,TXN003943,CUST0209,ACC00279,2024-07-12 01:08:00,Dormant Account Activity,84,Escalated,High,Analyst_10,2024-08-02 07:42:00,No
ALT00284,TXN003697,CUST0189,ACC00252,2022-07-29 00:38:00,High-Risk Geography,31,Escalated,Medium,Analyst_07,2022-09-05 06:20:00,No
ALT00285,TXN004160,CUST0296,ACC00388,2022-12-03 20:23:00,Rapid Movement,64,Under Review,Medium,Analyst_10,,No
ALT00286,TXN001388,CUST0154,ACC00204,2024-01-07 06:47:00,Rapid Movement,42,Under Review,High,Analyst_06,,Yes
ALT00287,TXN003376,CUST0081,ACC00112,2022-08-15 07:31:00,High-Risk Geography,62,Open,Medium,Analyst_10,,No
ALT00288,TXN001216,CUST0105,ACC00142,2024-01-07 07:45:00,Layering,64,Under Review,High,Analyst_04,,Yes
ALT00289,TXN000975,CUST0348,ACC00456,2023-07-08 11:50:00,High-Risk Geography,37,Closed-SAR Filed,High,Analyst_08,2023-08-26 07:03:00,No
ALT00290,TXN004321,CUST0244,ACC00321,2023-02-13 19:23:00,Dormant Account Activity,71,Open,Low,Analyst_01,,No
ALT00291,TXN002547,CUST0048,ACC00066,2022-07-11 20:52:00,Dormant Account Activity,36,Under Review,Medium,Analyst_09,,No
ALT00292,TXN003468,CUST0457,ACC00598,2023-11-01 22:23:00,Rapid Movement,97,Open,Low,Analyst_08,,No
ALT00293,TXN004054,CUST0130,ACC00176,2023-06-01 22:58:00,Structuring,87,Closed-SAR Filed,Medium,Analyst_03,2023-07-08 00:16:00,No
ALT00294,TXN001590,CUST0002,ACC00003,2024-04-07 03:58:00,Dormant Account Activity,37,Under Review,High,Analyst_03,,No
ALT00295,TXN001951,CUST0229,ACC00303,2024-03-10 23:45:00,High-Risk Geography,66,Under Review,Low,Analyst_04,,No
ALT00296,TXN001897,CUST0134,ACC00182,2023-08-14 23:27:00,Unusual Cash Pattern,59,Under Review,Medium,Analyst_08,,No
ALT00297,TXN004664,CUST0215,ACC00287,2024-12-12 19:28:00,Rapid Movement,51,Open,Medium,Analyst_08,,No
ALT00298,TXN003118,CUST0494,ACC00646,2022-02-11 17:01:00,Round-Trip Transaction,80,Open,Low,Analyst_05,,Yes
ALT00299,TXN000594,CUST0117,ACC00157,2022-08-09 23:03:00,Unusual Cash Pattern,54,Open,Medium,Analyst_04,,No
ALT00300,TXN001495,CUST0245,ACC00322,2022-01-31 13:30:00,Dormant Account Activity,100,Open,High,Analyst_08,,No
ALT00301,TXN002087,CUST0158,ACC00209,2024-05-06 19:24:00,PEP Transaction,97,Under Review,Low,Analyst_07,,No
ALT00302,TXN004515,CUST0168,ACC00222,2024-08-31 16:44:00,Round-Trip Transaction,55,Closed-SAR Filed,Medium,Analyst_03,2024-10-23 13:16:00,No
ALT00303,TXN003077,CUST0267,ACC00351,2024-01-29 15:54:00,High-Risk Geography,64,Closed-SAR Filed,Medium,Analyst_03,2024-02-25 12:56:00,No
ALT00304,TXN003347,CUST0483,ACC00632,2022-02-19 05:23:00,Rapid Movement,85,Closed-False Positive,Medium,Analyst_01,2022-03-30 02:47:00,Yes
ALT00305,TXN002188,CUST0336,ACC00441,2022-05-03 18:44:00,High-Risk Geography,91,Open,Medium,Analyst_09,,No
ALT00306,TXN001611,CUST0002,ACC00003,2022-12-01 20:03:00,Round-Trip Transaction,41,Closed-False Positive,Medium,Analyst_08,2023-01-22 09:55:00,No
ALT00307,TXN000505,CUST0283,ACC00371,2023-02-03 02:08:00,Rapid Movement,61,Closed-SAR Filed,Medium,Analyst_02,2023-03-07 15:57:00,Yes
ALT00308,TXN004056,CUST0416,ACC00545,2023-12-07 05:22:00,Dormant Account Activity,98,Under Review,Medium,Analyst_03,,No
ALT00309,TXN001169,CUST0198,ACC00263,2022-12-14 02:30:00,Structuring,86,Escalated,High,Analyst_08,2022-12-17 23:52:00,No
ALT00310,TXN000065,CUST0324,ACC00426,2023-07-06 15:52:00,Rapid Movement,50,Closed-SAR Filed,High,Analyst_05,2023-08-12 12:48:00,Yes
ALT00311,TXN004279,CUST0338,ACC00444,2024-06-22 18:28:00,High-Risk Geography,83,Closed-False Positive,High,Analyst_07,2024-06-26 06:15:00,No
ALT00312,TXN004892,CUST0302,ACC00395,2022-05-10 03:26:00,Rapid Movement,64,Closed-SAR Filed,Medium,Analyst_07,2022-06-13 01:50:00,No
ALT00313,TXN001110,CUST0145,ACC00193,2022-12-16 02:16:00,Unusual Cash Pattern,46,Open,Medium,Analyst_07,,No
ALT00314,TXN001647,CUST0063,ACC00088,2022-02-28 12:52:00,Unusual Cash Pattern,66,Open,Low,Analyst_06,,No
ALT00315,TXN003467,CUST0243,ACC00320,2024-11-28 21:08:00,Round-Trip Transaction,45,Under Review,High,Analyst_09,,No
ALT00316,TXN002567,CUST0263,ACC00346,2022-06-14 13:34:00,Rapid Movement,64,Open,Medium,Analyst_06,,No
ALT00317,TXN004229,CUST0232,ACC00308,2022-03-20 07:23:00,Rapid Movement,74,Under Review,Medium,Analyst_01,,No
ALT00318,TXN004033,CUST0416,ACC00546,2023-03-15 09:11:00,Dormant Account Activity,98,Under Review,Medium,Analyst_02,,No
ALT00319,TXN004343,CUST0218,ACC00290,2022-09-16 14:49:00,Structuring,34,Closed-False Positive,Medium,Analyst_01,2022-10-01 18:05:00,No
ALT00320,TXN004180,CUST0422,ACC00553,2022-06-11 17:13:00,Round-Trip Transaction,42,Open,Medium,Analyst_08,,Yes
ALT00321,TXN004452,CUST0292,ACC00382,2024-10-04 22:09:00,Structuring,47,Closed-False Positive,Low,Analyst_04,2024-10-21 18:11:00,Yes
ALT00322,TXN000050,CUST0453,ACC00594,2023-12-09 01:44:00,Dormant Account Activity,98,Open,Low,Analyst_09,,No
ALT00323,TXN004553,CUST0321,ACC00422,2022-06-17 07:30:00,High-Risk Geography,65,Escalated,High,Analyst_02,2022-07-23 22:13:00,No
ALT00324,TXN002086,CUST0247,ACC00325,2023-01-15 04:42:00,PEP Transaction,98,Closed-False Positive,Medium,Analyst_01,2023-03-11 18:38:00,Yes
ALT00325,TXN001035,CUST0447,ACC00586,2022-05-15 20:48:00,Structuring,87,Open,Medium,Analyst_05,,No
ALT00326,TXN003520,CUST0181,ACC00241,2024-03-29 07:11:00,PEP Transaction,95,Closed-SAR Filed,Medium,Analyst_06,2024-05-27 22:31:00,No
ALT00327,TXN002669,CUST0086,ACC00119,2023-12-09 19:57:00,Layering,61,Under Review,Low,Analyst_04,,No
ALT00328,TXN003583,CUST0037,ACC00051,2024-05-28 09:11:00,High-Risk Geography,49,Closed-False Positive,Low,Analyst_02,2024-07-03 23:53:00,No
ALT00329,TXN003633,CUST0441,ACC00579,2023-12-24 06:58:00,Layering,91,Closed-SAR Filed,Medium,Analyst_04,2024-02-10 06:36:00,No
ALT00330,TXN001135,CUST0233,ACC00309,2022-09-07 00:09:00,Rapid Movement,37,Closed-False Positive,Medium,Analyst_10,2022-11-04 15:23:00,Yes
ALT00331,TXN002404,CUST0432,ACC00564,2024-09-24 11:26:00,Round-Trip Transaction,91,Open,Low,Analyst_02,,Yes
ALT00332,TXN002125,CUST0203,ACC00270,2024-01-14 10:53:00,High-Risk Geography,56,Under Review,High,Analyst_08,,No
ALT00333,TXN004621,CUST0429,ACC00560,2023-04-10 03:34:00,Unusual Cash Pattern,66,Closed-SAR Filed,Low,Analyst_08,2023-04-27 14:16:00,Yes
ALT00334,TXN003518,CUST0165,ACC00218,2024-10-16 17:12:00,Structuring,80,Closed-False Positive,Medium,Analyst_09,2024-11-10 09:06:00,No
ALT00335,TXN003729,CUST0146,ACC00194,2022-09-20 16:24:00,Unusual Cash Pattern,58,Under Review,Medium,Analyst_01,,Yes
ALT00336,TXN002178,CUST0435,ACC00567,2023-04-03 02:24:00,Structuring,64,Closed-SAR Filed,Low,Analyst_10,2023-05-25 22:52:00,Yes
ALT00337,TXN001346,CUST0087,ACC00120,2023-06-07 01:55:00,Layering,85,Closed-False Positive,Medium,Analyst_01,2023-08-04 23:45:00,No
ALT00338,TXN003318,CUST0446,ACC00585,2023-06-07 01:24:00,Layering,82,Under Review,Low,Analyst_01,,Yes
ALT00339,TXN001604,CUST0070,ACC00099,2022-08-06 06:54:00,Round-Trip Transaction,94,Under Review,Low,Analyst_08,,No
ALT00340,TXN003608,CUST0487,ACC00637,2023-12-27 17:15:00,Rapid Movement,48,Closed-SAR Filed,Medium,Analyst_09,2024-01-03 23:58:00,No
ALT00341,TXN002752,CUST0003,ACC00005,2022-11-14 18:27:00,Dormant Account Activity,100,Closed-SAR Filed,Medium,Analyst_07,2022-12-01 11:09:00,No
ALT00342,TXN000934,CUST0168,ACC00222,2023-03-01 18:22:00,Unusual Cash Pattern,64,Under Review,High,Analyst_02,,No
ALT00343,TXN001513,CUST0296,ACC00388,2023-11-01 11:45:00,Rapid Movement,93,Closed-False Positive,High,Analyst_09,2023-12-06 13:35:00,No
ALT00344,TXN003977,CUST0336,ACC00440,2024-09-09 21:09:00,Round-Trip Transaction,58,Escalated,Medium,Analyst_06,2024-10-28 14:43:00,Yes
ALT00345,TXN000629,CUST0494,ACC00645,2022-01-09 21:12:00,Dormant Account Activity,71,Closed-SAR Filed,Low,Analyst_09,2022-02-01 03:34:00,Yes
ALT00346,TXN000215,CUST0016,ACC00022,2024-06-10 06:05:00,Layering,61,Closed-False Positive,Low,Analyst_02,2024-07-13 07:54:00,No
ALT00347,TXN003195,CUST0481,ACC00629,2023-12-17 19:14:00,Structuring,41,Closed-False Positive,Low,Analyst_04,2024-01-15 02:05:00,No
ALT00348,TXN000092,CUST0251,ACC00331,2024-04-02 03:44:00,Round-Trip Transaction,55,Closed-False Positive,Low,Analyst_10,2024-05-10 14:16:00,Yes
ALT00349,TXN002453,CUST0302,ACC00396,2023-07-28 03:52:00,High-Risk Geography,49,Open,Low,Analyst_05,,No
ALT00350,TXN002856,CUST0182,ACC00242,2023-11-04 22:07:00,High-Risk Geography,95,Closed-False Positive,High,Analyst_05,2023-11-25 00:28:00,No
ALT00351,TXN004751,CUST0058,ACC00082,2024-01-02 19:33:00,Layering,33,Open,Low,Analyst_04,,No
ALT00352,TXN004446,CUST0323,ACC00425,2024-03-27 02:40:00,Dormant Account Activity,69,Escalated,Medium,Analyst_08,2024-05-22 22:46:00,No
ALT00353,TXN001192,CUST0417,ACC00547,2024-10-06 21:06:00,Structuring,65,Escalated,Low,Analyst_01,2024-10-16 15:49:00,No
ALT00354,TXN001434,CUST0248,ACC00326,2024-10-21 09:24:00,PEP Transaction,68,Open,Low,Analyst_08,,Yes
ALT00355,TXN004975,CUST0119,ACC00159,2022-04-18 01:37:00,Rapid Movement,58,Closed-SAR Filed,Medium,Analyst_05,2022-04-20 13:48:00,Yes
ALT00356,TXN002304,CUST0459,ACC00601,2022-04-24 12:14:00,Layering,93,Under Review,Low,Analyst_01,,No
ALT00357,TXN000850,CUST0069,ACC00098,2024-04-16 09:59:00,Rapid Movement,70,Closed-SAR Filed,Medium,Analyst_06,2024-05-10 12:54:00,Yes
ALT00358,TXN000319,CUST0249,ACC00328,2024-12-04 19:26:00,Rapid Movement,67,Under Review,Medium,Analyst_03,,No
ALT00359,TXN001633,CUST0250,ACC00329,2024-06-01 04:06:00,Rapid Movement,79,Closed-False Positive,High,Analyst_05,2024-07-09 04:18:00,Yes
ALT00360,TXN002426,CUST0030,ACC00042,2023-06-09 03:41:00,Layering,53,Open,Low,Analyst_07,,No
ALT00361,TXN002207,CUST0125,ACC00168,2023-11-06 18:24:00,Dormant Account Activity,77,Closed-False Positive,High,Analyst_04,2023-12-29 00:17:00,No
ALT00362,TXN001027,CUST0404,ACC00531,2022-12-15 14:44:00,Structuring,92,Under Review,Medium,Analyst_07,,No
ALT00363,TXN000382,CUST0317,ACC00417,2024-04-19 10:56:00,High-Risk Geography,70,Closed-False Positive,Low,Analyst_10,2024-05-08 22:41:00,No
ALT00364,TXN000568,CUST0169,ACC00224,2024-07-21 13:19:00,High-Risk Geography,91,Closed-SAR Filed,Low,Analyst_05,2024-07-31 23:07:00,No
ALT00365,TXN004465,CUST0028,ACC00039,2024-09-03 13:04:00,PEP Transaction,98,Closed-False Positive,High,Analyst_08,2024-09-03 14:46:00,No
ALT00366,TXN003426,CUST0237,ACC00313,2022-03-26 17:29:00,Round-Trip Transaction,49,Open,High,Analyst_09,,No
ALT00367,TXN000448,CUST0072,ACC00101,2022-11-13 00:33:00,Layering,67,Closed-False Positive,Medium,Analyst_01,2022-11-23 02:31:00,No
ALT00368,TXN001063,CUST0473,ACC00618,2024-12-20 16:43:00,Round-Trip Transaction,98,Under Review,Medium,Analyst_02,,No
ALT00369,TXN004285,CUST0332,ACC00435,2022-01-22 08:15:00,Rapid Movement,95,Closed-SAR Filed,Medium,Analyst_10,2022-03-02 15:03:00,No
ALT00370,TXN002736,CUST0072,ACC00102,2022-01-16 09:19:00,Structuring,93,Closed-SAR Filed,Medium,Analyst_01,2022-02-11 17:59:00,No
ALT00371,TXN004198,CUST0103,ACC00140,2022-04-13 05:34:00,Dormant Account Activity,98,Under Review,Low,Analyst_10,,No
ALT00372,TXN004384,CUST0150,ACC00199,2024-11-17 21:36:00,Round-Trip Transaction,79,Under Review,Medium,Analyst_01,,Yes
ALT00373,TXN002781,CUST0171,ACC00227,2022-06-02 01:45:00,Round-Trip Transaction,100,Closed-False Positive,High,Analyst_10,2022-06-25 19:41:00,No
ALT00374,TXN004201,CUST0244,ACC00321,2024-06-02 01:03:00,High-Risk Geography,76,Closed-False Positive,Low,Analyst_09,2024-08-01 12:58:00,No
ALT00375,TXN004250,CUST0251,ACC00330,2022-04-19 21:22:00,PEP Transaction,59,Under Review,Medium,Analyst_06,,No
ALT00376,TXN000179,CUST0438,ACC00574,2022-08-01 17:05:00,Dormant Account Activity,72,Closed-False Positive,High,Analyst_03,2022-08-20 12:51:00,No
ALT00377,TXN002896,CUST0494,ACC00645,2022-11-18 16:55:00,Unusual Cash Pattern,87,Escalated,Low,Analyst_08,2022-12-19 11:53:00,No
ALT00378,TXN003996,CUST0193,ACC00257,2022-08-19 01:34:00,Unusual Cash Pattern,86,Open,Medium,Analyst_05,,Yes
ALT00379,TXN000077,CUST0464,ACC00607,2023-02-22 03:26:00,High-Risk Geography,39,Escalated,High,Analyst_04,2023-04-23 22:04:00,No
ALT00380,TXN001613,CUST0258,ACC00339,2024-12-29 03:25:00,PEP Transaction,57,Escalated,Low,Analyst_05,2024-12-30 05:41:00,No
ALT00381,TXN001307,CUST0211,ACC00281,2022-11-14 16:44:00,Unusual Cash Pattern,56,Under Review,Low,Analyst_05,,No
ALT00382,TXN001329,CUST0229,ACC00303,2023-09-10 14:46:00,PEP Transaction,43,Closed-SAR Filed,Medium,Analyst_04,2023-10-19 10:44:00,No
ALT00383,TXN003653,CUST0489,ACC00639,2022-08-14 17:34:00,Dormant Account Activity,60,Under Review,High,Analyst_04,,No
ALT00384,TXN000840,CUST0158,ACC00210,2023-12-19 03:10:00,Round-Trip Transaction,99,Under Review,Medium,Analyst_08,,Yes
ALT00385,TXN003643,CUST0425,ACC00556,2023-10-05 12:31:00,Layering,43,Closed-SAR Filed,High,Analyst_04,2023-10-21 14:25:00,No
ALT00386,TXN003111,CUST0391,ACC00513,2023-05-28 02:01:00,Rapid Movement,44,Open,Low,Analyst_06,,Yes
ALT00387,TXN001530,CUST0390,ACC00512,2023-09-02 21:41:00,Rapid Movement,68,Closed-SAR Filed,Low,Analyst_04,2023-10-28 14:07:00,No
ALT00388,TXN002822,CUST0032,ACC00044,2024-09-23 16:33:00,Round-Trip Transaction,66,Under Review,Medium,Analyst_06,,No
ALT00389,TXN003744,CUST0295,ACC00386,2024-12-24 20:41:00,Rapid Movement,79,Under Review,High,Analyst_04,,No
ALT00390,TXN002186,CUST0015,ACC00021,2024-10-25 14:36:00,Rapid Movement,86,Open,High,Analyst_08,,No
ALT00391,TXN003021,CUST0430,ACC00562,2023-05-31 01:41:00,Round-Trip Transaction,36,Under Review,High,Analyst_05,,No
ALT00392,TXN004076,CUST0407,ACC00535,2022-07-26 06:04:00,High-Risk Geography,82,Closed-SAR Filed,Low,Analyst_03,2022-08-11 13:03:00,No
ALT00393,TXN001388,CUST0154,ACC00204,2024-08-16 20:38:00,Unusual Cash Pattern,35,Open,Low,Analyst_06,,No
ALT00394,TXN000490,CUST0379,ACC00496,2024-06-22 09:43:00,Round-Trip Transaction,69,Closed-False Positive,High,Analyst_01,2024-08-12 12:59:00,Yes
ALT00395,TXN000807,CUST0448,ACC00587,2023-11-19 19:22:00,Unusual Cash Pattern,91,Open,High,Analyst_02,,No
ALT00396,TXN003635,CUST0170,ACC00225,2023-10-22 02:25:00,Unusual Cash Pattern,100,Closed-False Positive,Medium,Analyst_05,2023-11-08 11:15:00,No
ALT00397,TXN003787,CUST0035,ACC00047,2024-02-20 05:55:00,Structuring,95,Closed-False Positive,Medium,Analyst_08,2024-02-26 05:44:00,No
ALT00398,TXN004532,CUST0127,ACC00171,2024-01-03 23:45:00,PEP Transaction,45,Under Review,Low,Analyst_10,,No
ALT00399,TXN002736,CUST0072,ACC00102,2022-08-16 19:00:00,Layering,90,Open,Low,Analyst_09,,No
ALT00400,TXN003166,CUST0201,ACC00267,2022-12-31 12:11:00,Rapid Movement,75,Open,Low,Analyst_05,,No
ALT00401,TXN000683,CUST0486,ACC00635,2024-08-10 08:38:00,Layering,63,Open,Low,Analyst_06,,No
ALT00402,TXN002202,CUST0429,ACC00560,2022-09-04 16:37:00,Rapid Movement,81,Under Review,Low,Analyst_08,,No
ALT00403,TXN003879,CUST0392,ACC00514,2023-02-23 19:30:00,Rapid Movement,87,Under Review,Medium,Analyst_09,,No
ALT00404,TXN001139,CUST0161,ACC00213,2024-01-18 04:43:00,PEP Transaction,78,Under Review,Medium,Analyst_02,,No
ALT00405,TXN001843,CUST0296,ACC00387,2024-06-27 14:40:00,Round-Trip Transaction,98,Under Review,Medium,Analyst_03,,No
ALT00406,TXN001901,CUST0160,ACC00212,2022-01-10 12:00:00,Rapid Movement,52,Closed-False Positive,Low,Analyst_04,2022-03-04 05:50:00,No
ALT00407,TXN004743,CUST0127,ACC00171,2024-05-19 06:52:00,Dormant Account Activity,51,Closed-False Positive,High,Analyst_06,2024-06-11 17:40:00,No
ALT00408,TXN004488,CUST0026,ACC00035,2024-12-10 15:00:00,PEP Transaction,62,Open,High,Analyst_05,,Yes
ALT00409,TXN003478,CUST0384,ACC00505,2022-08-21 21:24:00,Unusual Cash Pattern,69,Closed-SAR Filed,Medium,Analyst_01,2022-09-15 17:05:00,No
ALT00410,TXN000728,CUST0475,ACC00622,2023-03-23 18:37:00,Unusual Cash Pattern,63,Under Review,Medium,Analyst_03,,Yes
ALT00411,TXN004177,CUST0154,ACC00204,2024-08-28 08:13:00,High-Risk Geography,84,Under Review,Low,Analyst_08,,Yes
ALT00412,TXN001945,CUST0030,ACC00042,2024-03-16 01:58:00,High-Risk Geography,38,Under Review,Medium,Analyst_03,,No
ALT00413,TXN001060,CUST0232,ACC00307,2023-07-29 02:58:00,Dormant Account Activity,95,Closed-False Positive,High,Analyst_07,2023-08-22 14:23:00,No
ALT00414,TXN000098,CUST0100,ACC00137,2023-11-05 13:04:00,Unusual Cash Pattern,83,Open,Low,Analyst_10,,No
ALT00415,TXN001692,CUST0412,ACC00541,2023-04-08 17:14:00,Layering,91,Open,High,Analyst_08,,No
ALT00416,TXN001589,CUST0081,ACC00111,2024-06-21 18:55:00,Structuring,94,Open,Medium,Analyst_04,,No
ALT00417,TXN002281,CUST0031,ACC00043,2024-02-09 03:23:00,Rapid Movement,56,Closed-SAR Filed,High,Analyst_03,2024-03-24 22:47:00,No
ALT00418,TXN001381,CUST0127,ACC00172,2023-08-12 18:23:00,Structuring,54,Closed-SAR Filed,Low,Analyst_04,2023-08-30 01:22:00,No
ALT00419,TXN002554,CUST0155,ACC00206,2023-07-30 07:53:00,Unusual Cash Pattern,94,Under Review,Medium,Analyst_03,,No
ALT00420,TXN004232,CUST0247,ACC00325,2023-04-02 09:03:00,Layering,75,Closed-SAR Filed,Low,Analyst_07,2023-05-25 18:57:00,No
ALT00421,TXN002015,CUST0181,ACC00240,2024-11-23 05:44:00,Layering,98,Open,Low,Analyst_07,,No
ALT00422,TXN000673,CUST0458,ACC00599,2024-01-07 05:40:00,Layering,88,Under Review,Low,Analyst_07,,Yes
ALT00423,TXN000315,CUST0287,ACC00376,2023-02-03 10:26:00,PEP Transaction,78,Closed-SAR Filed,Medium,Analyst_09,2023-03-19 22:29:00,No
ALT00424,TXN002851,CUST0339,ACC00445,2022-04-16 01:16:00,High-Risk Geography,82,Under Review,Low,Analyst_08,,No
ALT00425,TXN003986,CUST0406,ACC00533,2024-04-18 03:40:00,Layering,39,Open,High,Analyst_03,,No
ALT00426,TXN000027,CUST0009,ACC00011,2024-11-07 14:55:00,High-Risk Geography,44,Under Review,High,Analyst_07,,No
ALT00427,TXN002632,CUST0025,ACC00034,2024-11-18 17:24:00,Layering,59,Open,Low,Analyst_02,,No
ALT00428,TXN002246,CUST0015,ACC00021,2022-08-27 23:05:00,Round-Trip Transaction,86,Open,Medium,Analyst_07,,Yes
ALT00429,TXN004266,CUST0437,ACC00571,2023-04-22 11:50:00,Round-Trip Transaction,32,Escalated,Medium,Analyst_09,2023-05-23 05:07:00,No
ALT00430,TXN000565,CUST0076,ACC00106,2023-06-21 11:00:00,Structuring,66,Closed-False Positive,Medium,Analyst_10,2023-08-16 00:55:00,No
ALT00431,TXN003877,CUST0035,ACC00047,2023-11-10 11:20:00,Layering,80,Closed-SAR Filed,Low,Analyst_02,2024-01-07 16:44:00,No
ALT00432,TXN002944,CUST0244,ACC00321,2024-07-31 00:50:00,Structuring,88,Open,High,Analyst_09,,No
ALT00433,TXN002841,CUST0001,ACC00002,2022-06-13 14:17:00,Rapid Movement,97,Closed-False Positive,Medium,Analyst_05,2022-08-12 11:30:00,No
ALT00434,TXN000103,CUST0332,ACC00435,2023-11-13 12:49:00,PEP Transaction,63,Closed-False Positive,Medium,Analyst_04,2023-11-27 10:40:00,Yes
ALT00435,TXN001289,CUST0082,ACC00113,2022-07-02 15:53:00,Unusual Cash Pattern,41,Closed-False Positive,Medium,Analyst_07,2022-08-14 08:09:00,No
ALT00436,TXN000776,CUST0004,ACC00006,2024-10-02 11:36:00,Dormant Account Activity,82,Open,Medium,Analyst_04,,No
ALT00437,TXN004751,CUST0058,ACC00082,2024-03-27 23:11:00,Layering,63,Closed-False Positive,Low,Analyst_10,2024-04-03 19:49:00,No
ALT00438,TXN001889,CUST0462,ACC00604,2022-11-01 14:44:00,Rapid Movement,66,Closed-SAR Filed,Medium,Analyst_03,2022-11-10 05:28:00,Yes
ALT00439,TXN002085,CUST0411,ACC00540,2023-11-10 09:28:00,Layering,75,Escalated,Medium,Analyst_01,2023-12-13 11:55:00,No
ALT00440,TXN001462,CUST0381,ACC00500,2022-03-22 14:24:00,Rapid Movement,87,Under Review,Low,Analyst_01,,Yes
ALT00441,TXN004458,CUST0045,ACC00062,2024-12-26 18:58:00,Unusual Cash Pattern,87,Closed-False Positive,High,Analyst_07,2024-12-29 09:43:00,Yes
ALT00442,TXN004146,CUST0050,ACC00069,2022-02-24 16:06:00,Layering,34,Open,Low,Analyst_10,,No
ALT00443,TXN001026,CUST0402,ACC00528,2024-05-20 17:42:00,PEP Transaction,30,Closed-False Positive,Medium,Analyst_10,2024-07-05 06:45:00,No
ALT00444,TXN004813,CUST0246,ACC00324,2024-10-19 11:53:00,Layering,44,Closed-False Positive,High,Analyst_09,2024-12-07 02:49:00,No
ALT00445,TXN003101,CUST0399,ACC00523,2024-11-16 16:40:00,Round-Trip Transaction,95,Under Review,Medium,Analyst_02,,No
ALT00446,TXN002594,CUST0148,ACC00197,2024-12-27 03:18:00,High-Risk Geography,79,Closed-SAR Filed,High,Analyst_03,2024-12-27 03:52:00,No
ALT00447,TXN002966,CUST0358,ACC00471,2024-07-06 11:42:00,Round-Trip Transaction,100,Closed-SAR Filed,Medium,Analyst_04,2024-09-03 11:09:00,No
ALT00448,TXN002170,CUST0201,ACC00268,2023-09-12 22:54:00,PEP Transaction,97,Open,Medium,Analyst_05,,Yes
ALT00449,TXN003733,CUST0018,ACC00024,2022-05-23 14:39:00,Unusual Cash Pattern,56,Under Review,High,Analyst_05,,No
ALT00450,TXN002351,CUST0424,ACC00555,2023-02-10 02:23:00,High-Risk Geography,76,Under Review,High,Analyst_09,,Yes
ALT00451,TXN001078,CUST0083,ACC00115,2022-10-20 10:05:00,High-Risk Geography,98,Closed-False Positive,Low,Analyst_07,2022-12-08 23:52:00,No
ALT00452,TXN001524,CUST0232,ACC00307,2024-07-05 19:24:00,Rapid Movement,30,Closed-False Positive,High,Analyst_01,2024-08-25 08:13:00,Yes
ALT00453,TXN004152,CUST0312,ACC00410,2023-04-28 22:16:00,Round-Trip Transaction,59,Open,High,Analyst_01,,No
ALT00454,TXN003974,CUST0328,ACC00431,2022-02-16 23:34:00,Round-Trip Transaction,93,Closed-False Positive,Medium,Analyst_10,2022-03-27 23:55:00,No
ALT00455,TXN002621,CUST0293,ACC00384,2022-05-18 19:55:00,PEP Transaction,72,Under Review,Low,Analyst_01,,No
ALT00456,TXN004003,CUST0392,ACC00514,2024-08-22 13:34:00,Structuring,57,Closed-False Positive,Low,Analyst_04,2024-09-30 05:11:00,No
ALT00457,TXN004308,CUST0418,ACC00548,2023-09-09 17:07:00,Structuring,42,Open,High,Analyst_10,,No
ALT00458,TXN003177,CUST0051,ACC00070,2023-03-06 21:22:00,Dormant Account Activity,52,Under Review,High,Analyst_10,,No
ALT00459,TXN004730,CUST0291,ACC00381,2023-05-27 13:48:00,Dormant Account Activity,78,Under Review,Medium,Analyst_07,,No
ALT00460,TXN001633,CUST0250,ACC00329,2024-07-12 22:28:00,Round-Trip Transaction,98,Escalated,Medium,Analyst_04,2024-09-05 00:48:00,No
ALT00461,TXN000377,CUST0227,ACC00301,2023-02-09 16:30:00,Round-Trip Transaction,94,Closed-False Positive,Medium,Analyst_03,2023-02-18 04:38:00,No
ALT00462,TXN001693,CUST0291,ACC00381,2022-06-08 08:19:00,PEP Transaction,89,Closed-False Positive,High,Analyst_10,2022-07-13 23:14:00,No
ALT00463,TXN001965,CUST0082,ACC00113,2022-10-21 10:47:00,PEP Transaction,33,Open,Medium,Analyst_06,,No
ALT00464,TXN001038,CUST0464,ACC00607,2024-12-22 01:14:00,Structuring,49,Closed-SAR Filed,Medium,Analyst_04,2024-12-22 19:49:00,No
ALT00465,TXN001179,CUST0216,ACC00288,2023-05-31 09:59:00,Rapid Movement,48,Closed-False Positive,Low,Analyst_10,2023-07-05 19:27:00,No
ALT00466,TXN003957,CUST0411,ACC00540,2024-10-20 20:50:00,Layering,70,Under Review,High,Analyst_06,,No
ALT00467,TXN000118,CUST0018,ACC00024,2024-01-11 22:08:00,PEP Transaction,67,Closed-False Positive,Low,Analyst_05,2024-02-14 06:23:00,Yes
ALT00468,TXN003430,CUST0325,ACC00427,2023-07-03 11:10:00,Structuring,75,Closed-SAR Filed,High,Analyst_04,2023-07-13 12:24:00,No
ALT00469,TXN002022,CUST0440,ACC00577,2022-08-03 20:57:00,Dormant Account Activity,92,Under Review,Medium,Analyst_03,,No
ALT00470,TXN003481,CUST0014,ACC00020,2022-12-22 10:50:00,Dormant Account Activity,98,Closed-False Positive,High,Analyst_06,2023-02-02 05:09:00,No
ALT00471,TXN000728,CUST0475,ACC00622,2023-09-03 19:22:00,Unusual Cash Pattern,91,Closed-False Positive,High,Analyst_08,2023-10-03 18:05:00,No
ALT00472,TXN001417,CUST0495,ACC00647,2023-08-09 09:03:00,PEP Transaction,54,Closed-False Positive,Low,Analyst_01,2023-10-02 11:09:00,No
ALT00473,TXN002222,CUST0027,ACC00038,2024-12-18 16:00:00,Rapid Movement,92,Escalated,High,Analyst_09,2024-12-22 07:10:00,No
ALT00474,TXN004577,CUST0173,ACC00230,2023-10-05 09:04:00,Unusual Cash Pattern,81,Closed-False Positive,Medium,Analyst_03,2023-11-21 20:56:00,No
ALT00475,TXN003204,CUST0198,ACC00263,2022-04-22 15:16:00,Layering,88,Open,High,Analyst_06,,Yes
ALT00476,TXN001303,CUST0317,ACC00417,2023-05-13 18:10:00,Structuring,98,Open,Low,Analyst_03,,No
ALT00477,TXN003005,CUST0133,ACC00180,2023-12-22 04:23:00,PEP Transaction,52,Closed-SAR Filed,Medium,Analyst_07,2024-01-23 22:37:00,Yes
ALT00478,TXN001879,CUST0103,ACC00140,2024-07-09 09:06:00,High-Risk Geography,43,Closed-SAR Filed,Low,Analyst_06,2024-09-05 07:11:00,No
ALT00479,TXN000959,CUST0486,ACC00636,2022-08-17 12:30:00,Round-Trip Transaction,85,Closed-False Positive,High,Analyst_03,2022-08-30 02:46:00,No
ALT00480,TXN001402,CUST0120,ACC00161,2022-04-07 05:06:00,High-Risk Geography,61,Closed-False Positive,Medium,Analyst_10,2022-04-28 13:55:00,Yes
ALT00481,TXN002188,CUST0336,ACC00441,2024-07-03 10:34:00,High-Risk Geography,92,Under Review,Medium,Analyst_09,,No
ALT00482,TXN000135,CUST0346,ACC00454,2024-02-22 20:08:00,High-Risk Geography,51,Closed-SAR Filed,Medium,Analyst_02,2024-04-10 19:09:00,No
ALT00483,TXN002768,CUST0284,ACC00372,2024-01-11 04:55:00,Rapid Movement,62,Under Review,Low,Analyst_07,,No
ALT00484,TXN001712,CUST0500,ACC00652,2024-09-14 03:02:00,PEP Transaction,41,Closed-SAR Filed,Low,Analyst_10,2024-10-21 21:59:00,No
ALT00485,TXN003184,CUST0013,ACC00017,2022-06-06 19:56:00,Rapid Movement,87,Closed-False Positive,High,Analyst_05,2022-06-10 23:02:00,No
ALT00486,TXN003509,CUST0494,ACC00645,2023-07-13 03:56:00,Dormant Account Activity,62,Closed-SAR Filed,Medium,Analyst_07,2023-07-17 06:24:00,Yes
ALT00487,TXN004267,CUST0112,ACC00149,2022-01-18 18:01:00,Rapid Movement,96,Open,High,Analyst_02,,No
ALT00488,TXN001893,CUST0399,ACC00522,2024-05-06 06:51:00,High-Risk Geography,43,Under Review,High,Analyst_10,,Yes
ALT00489,TXN001190,CUST0465,ACC00608,2024-11-29 21:31:00,Unusual Cash Pattern,79,Escalated,Low,Analyst_08,2024-12-07 13:25:00,Yes
ALT00490,TXN004362,CUST0168,ACC00221,2024-12-14 02:23:00,Structuring,90,Closed-False Positive,Medium,Analyst_06,2024-12-21 07:25:00,No
ALT00491,TXN004213,CUST0289,ACC00379,2023-02-10 02:57:00,Rapid Movement,50,Open,Medium,Analyst_09,,No
ALT00492,TXN000922,CUST0286,ACC00375,2024-04-30 18:19:00,Dormant Account Activity,82,Escalated,Medium,Analyst_01,2024-05-03 02:55:00,No
ALT00493,TXN004104,CUST0247,ACC00325,2022-11-24 19:00:00,Structuring,37,Closed-SAR Filed,Medium,Analyst_02,2022-12-07 22:07:00,No
ALT00494,TXN003163,CUST0277,ACC00362,2024-06-11 10:57:00,Unusual Cash Pattern,81,Closed-False Positive,High,Analyst_05,2024-07-28 07:00:00,No
ALT00495,TXN002754,CUST0350,ACC00460,2023-11-26 06:33:00,Structuring,64,Open,Low,Analyst_09,,No
ALT00496,TXN002585,CUST0415,ACC00544,2024-01-13 03:57:00,High-Risk Geography,92,Closed-SAR Filed,Medium,Analyst_05,2024-01-28 19:52:00,No
ALT00497,TXN004297,CUST0223,ACC00295,2022-06-19 09:14:00,PEP Transaction,74,Closed-False Positive,Medium,Analyst_10,2022-06-19 13:26:00,No
ALT00498,TXN001276,CUST0340,ACC00446,2024-09-25 08:49:00,Layering,51,Closed-False Positive,Medium,Analyst_07,2024-11-15 21:31:00,No
ALT00499,TXN003898,CUST0063,ACC00088,2023-10-17 11:21:00,Unusual Cash Pattern,94,Under Review,Medium,Analyst_10,,Yes
ALT00500,TXN003179,CUST0226,ACC00300,2023-03-18 19:00:00,High-Risk Geography,42,Under Review,Medium,Analyst_10,,No
ALT00501,TXN004380,CUST0159,ACC00211,2022-03-23 12:17:00,Layering,59,Closed-False Positive,Low,Analyst_09,2022-05-15 22:55:00,No
ALT00502,TXN004009,CUST0387,ACC00509,2022-08-28 20:33:00,High-Risk Geography,54,Escalated,High,Analyst_02,2022-10-26 12:11:00,No
ALT00503,TXN000162,CUST0402,ACC00527,2024-02-04 16:24:00,Structuring,72,Closed-False Positive,High,Analyst_09,2024-04-01 17:45:00,Yes
ALT00504,TXN003742,CUST0421,ACC00551,2022-08-07 04:11:00,Dormant Account Activity,95,Under Review,Low,Analyst_10,,Yes
ALT00505,TXN002950,CUST0053,ACC00073,2024-11-24 08:36:00,Rapid Movement,37,Closed-SAR Filed,Low,Analyst_02,2024-11-27 13:09:00,No
ALT00506,TXN000380,CUST0075,ACC00105,2024-08-15 19:42:00,Layering,50,Closed-SAR Filed,Medium,Analyst_05,2024-10-05 16:52:00,No
ALT00507,TXN000263,CUST0145,ACC00193,2023-08-27 00:47:00,Round-Trip Transaction,56,Closed-False Positive,High,Analyst_03,2023-10-15 18:59:00,No
ALT00508,TXN004553,CUST0321,ACC00422,2022-01-27 16:11:00,Dormant Account Activity,98,Open,Medium,Analyst_07,,No
ALT00509,TXN002704,CUST0447,ACC00586,2024-04-11 13:23:00,High-Risk Geography,37,Under Review,Low,Analyst_07,,Yes
ALT00510,TXN003112,CUST0198,ACC00263,2023-11-25 16:02:00,Rapid Movement,82,Closed-False Positive,Medium,Analyst_06,2023-11-25 16:43:00,No
ALT00511,TXN002534,CUST0458,ACC00600,2022-05-14 13:22:00,Layering,55,Open,Medium,Analyst_10,,Yes
ALT00512,TXN004618,CUST0092,ACC00126,2024-08-13 07:59:00,Layering,95,Closed-False Positive,Medium,Analyst_10,2024-09-29 15:02:00,No
ALT00513,TXN003622,CUST0090,ACC00123,2022-04-20 09:52:00,Rapid Movement,73,Closed-False Positive,Low,Analyst_01,2022-05-01 21:37:00,Yes
ALT00514,TXN003418,CUST0318,ACC00418,2024-01-23 13:39:00,PEP Transaction,44,Closed-SAR Filed,Medium,Analyst_02,2024-02-11 12:02:00,No
ALT00515,TXN001789,CUST0450,ACC00590,2024-03-25 11:06:00,Unusual Cash Pattern,66,Escalated,High,Analyst_05,2024-05-17 23:01:00,No
ALT00516,TXN001456,CUST0407,ACC00535,2022-02-02 04:57:00,High-Risk Geography,37,Under Review,Low,Analyst_07,,Yes
ALT00517,TXN004101,CUST0198,ACC00263,2023-05-08 05:32:00,Dormant Account Activity,71,Closed-SAR Filed,Low,Analyst_10,2023-05-11 11:07:00,Yes
ALT00518,TXN000866,CUST0414,ACC00543,2024-06-29 07:48:00,Unusual Cash Pattern,96,Under Review,Medium,Analyst_06,,No
ALT00519,TXN001450,CUST0128,ACC00173,2023-11-08 15:17:00,Layering,65,Closed-False Positive,Medium,Analyst_10,2023-11-20 21:23:00,No
ALT00520,TXN000554,CUST0258,ACC00339,2022-05-02 10:12:00,Round-Trip Transaction,66,Open,Medium,Analyst_04,,No
ALT00521,TXN004786,CUST0080,ACC00110,2022-03-23 19:00:00,Dormant Account Activity,58,Under Review,Low,Analyst_10,,No
ALT00522,TXN004700,CUST0366,ACC00480,2024-10-26 15:00:00,Rapid Movement,72,Closed-False Positive,Medium,Analyst_04,2024-11-13 03:08:00,No
ALT00523,TXN003096,CUST0003,ACC00005,2024-11-04 16:47:00,Rapid Movement,82,Open,Medium,Analyst_07,,Yes
ALT00524,TXN003149,CUST0276,ACC00361,2024-03-08 16:50:00,Round-Trip Transaction,84,Open,High,Analyst_02,,No
ALT00525,TXN004653,CUST0215,ACC00287,2024-06-25 18:10:00,Rapid Movement,82,Open,Low,Analyst_09,,No
ALT00526,TXN002946,CUST0091,ACC00124,2023-05-15 11:05:00,Layering,57,Closed-SAR Filed,Medium,Analyst_09,2023-06-18 10:33:00,Yes
ALT00527,TXN003731,CUST0063,ACC00089,2024-08-08 22:08:00,Unusual Cash Pattern,35,Under Review,Low,Analyst_06,,No
ALT00528,TXN004592,CUST0398,ACC00521,2022-04-01 20:21:00,Round-Trip Transaction,74,Under Review,Medium,Analyst_08,,No
ALT00529,TXN004476,CUST0246,ACC00324,2024-09-26 12:38:00,Structuring,50,Open,Medium,Analyst_06,,No
ALT00530,TXN000445,CUST0326,ACC00428,2022-12-22 22:14:00,High-Risk Geography,64,Open,Low,Analyst_05,,No
ALT00531,TXN000921,CUST0331,ACC00434,2024-11-11 15:36:00,High-Risk Geography,97,Under Review,High,Analyst_07,,No
ALT00532,TXN003560,CUST0155,ACC00206,2024-10-12 21:07:00,Layering,31,Closed-False Positive,Low,Analyst_10,2024-10-29 15:12:00,No
ALT00533,TXN002673,CUST0359,ACC00473,2022-07-30 00:04:00,PEP Transaction,49,Escalated,Medium,Analyst_03,2022-09-08 03:38:00,No
ALT00534,TXN000160,CUST0453,ACC00594,2023-10-12 02:31:00,Rapid Movement,42,Closed-SAR Filed,Medium,Analyst_06,2023-11-20 13:04:00,No
ALT00535,TXN001216,CUST0105,ACC00142,2022-08-14 09:58:00,Round-Trip Transaction,73,Open,High,Analyst_10,,Yes
ALT00536,TXN003641,CUST0101,ACC00138,2024-09-07 13:53:00,Structuring,36,Closed-False Positive,Medium,Analyst_01,2024-11-03 03:12:00,Yes
ALT00537,TXN001370,CUST0353,ACC00464,2022-11-14 10:50:00,Round-Trip Transaction,49,Closed-False Positive,Medium,Analyst_03,2023-01-03 04:44:00,No
ALT00538,TXN003981,CUST0305,ACC00401,2022-08-04 04:07:00,Structuring,69,Under Review,Medium,Analyst_09,,Yes
ALT00539,TXN004468,CUST0188,ACC00250,2024-07-24 22:21:00,Rapid Movement,79,Under Review,Medium,Analyst_03,,Yes
ALT00540,TXN003866,CUST0352,ACC00463,2024-03-05 14:52:00,Round-Trip Transaction,72,Open,Medium,Analyst_04,,Yes
ALT00541,TXN000228,CUST0124,ACC00167,2024-02-27 03:40:00,PEP Transaction,69,Closed-SAR Filed,Low,Analyst_02,2024-03-27 19:14:00,No
ALT00542,TXN003946,CUST0356,ACC00469,2022-03-21 07:03:00,Round-Trip Transaction,58,Closed-False Positive,High,Analyst_04,2022-04-02 19:49:00,No
ALT00543,TXN000623,CUST0312,ACC00411,2022-08-12 10:35:00,Structuring,44,Closed-False Positive,Low,Analyst_02,2022-09-30 18:48:00,Yes
ALT00544,TXN004530,CUST0023,ACC00031,2024-09-09 09:11:00,Dormant Account Activity,71,Closed-False Positive,Low,Analyst_02,2024-09-18 00:28:00,Yes
ALT00545,TXN004828,CUST0209,ACC00279,2024-12-13 08:01:00,Structuring,87,Closed-False Positive,Medium,Analyst_09,2024-12-16 08:20:00,No
ALT00546,TXN000917,CUST0409,ACC00538,2023-01-08 14:27:00,Layering,52,Closed-SAR Filed,High,Analyst_03,2023-01-23 05:12:00,No
ALT00547,TXN000239,CUST0044,ACC00061,2023-09-08 04:17:00,High-Risk Geography,40,Under Review,Low,Analyst_01,,No
ALT00548,TXN002208,CUST0477,ACC00625,2022-03-10 13:12:00,PEP Transaction,86,Under Review,Medium,Analyst_06,,Yes
ALT00549,TXN003227,CUST0452,ACC00593,2023-12-01 12:07:00,Unusual Cash Pattern,64,Closed-False Positive,Medium,Analyst_01,2023-12-17 13:00:00,No
ALT00550,TXN003316,CUST0087,ACC00120,2022-03-03 00:21:00,Round-Trip Transaction,67,Closed-SAR Filed,High,Analyst_07,2022-03-16 05:43:00,No
ALT00551,TXN004048,CUST0275,ACC00360,2022-05-26 05:04:00,Dormant Account Activity,77,Closed-False Positive,Medium,Analyst_04,2022-05-26 18:43:00,No
ALT00552,TXN003591,CUST0094,ACC00129,2023-03-13 20:16:00,Structuring,96,Closed-SAR Filed,Medium,Analyst_05,2023-03-19 02:10:00,No
ALT00553,TXN001737,CUST0005,ACC00007,2022-01-20 14:06:00,High-Risk Geography,79,Under Review,Medium,Analyst_04,,No
ALT00554,TXN001912,CUST0402,ACC00528,2023-02-10 09:04:00,High-Risk Geography,31,Closed-False Positive,Medium,Analyst_05,2023-04-01 23:51:00,No
ALT00555,TXN003114,CUST0013,ACC00018,2024-01-22 14:34:00,Layering,48,Closed-False Positive,High,Analyst_02,2024-02-09 02:59:00,Yes
ALT00556,TXN001111,CUST0103,ACC00140,2023-08-05 01:06:00,Dormant Account Activity,87,Under Review,Low,Analyst_04,,No
ALT00557,TXN003681,CUST0409,ACC00538,2024-01-28 01:15:00,Dormant Account Activity,61,Under Review,Medium,Analyst_05,,No
ALT00558,TXN001512,CUST0104,ACC00141,2022-04-01 16:24:00,Dormant Account Activity,55,Open,Medium,Analyst_05,,No
ALT00559,TXN003525,CUST0426,ACC00557,2024-02-03 22:36:00,Layering,56,Open,Medium,Analyst_06,,No
ALT00560,TXN004228,CUST0209,ACC00279,2023-12-25 02:17:00,Structuring,65,Open,Medium,Analyst_06,,No
ALT00561,TXN001561,CUST0022,ACC00030,2022-08-05 23:14:00,Layering,78,Escalated,Low,Analyst_02,2022-10-01 15:30:00,Yes
ALT00562,TXN004173,CUST0061,ACC00086,2023-07-20 11:31:00,Structuring,51,Closed-SAR Filed,Medium,Analyst_08,2023-09-17 02:13:00,No
ALT00563,TXN004465,CUST0028,ACC00039,2022-01-21 01:04:00,Unusual Cash Pattern,33,Open,Medium,Analyst_09,,No
ALT00564,TXN004579,CUST0135,ACC00183,2023-04-19 23:54:00,Round-Trip Transaction,38,Open,Medium,Analyst_09,,No
ALT00565,TXN004046,CUST0176,ACC00233,2022-04-03 17:31:00,Round-Trip Transaction,60,Open,Medium,Analyst_09,,Yes
ALT00566,TXN000301,CUST0318,ACC00418,2023-03-12 01:26:00,Rapid Movement,84,Under Review,Low,Analyst_03,,Yes
ALT00567,TXN002230,CUST0190,ACC00253,2022-11-17 22:51:00,High-Risk Geography,89,Closed-False Positive,Medium,Analyst_02,2022-11-23 14:26:00,No
ALT00568,TXN002915,CUST0307,ACC00403,2022-02-28 21:05:00,High-Risk Geography,75,Closed-False Positive,Medium,Analyst_02,2022-04-15 18:40:00,Yes
ALT00569,TXN001677,CUST0262,ACC00345,2023-03-23 01:32:00,Dormant Account Activity,66,Closed-False Positive,Medium,Analyst_03,2023-04-07 09:11:00,No
ALT00570,TXN002059,CUST0336,ACC00440,2022-10-23 08:00:00,Round-Trip Transaction,65,Closed-SAR Filed,High,Analyst_06,2022-12-14 09:48:00,No
ALT00571,TXN002307,CUST0497,ACC00649,2023-06-26 15:15:00,Dormant Account Activity,81,Open,Medium,Analyst_01,,No
ALT00572,TXN001329,CUST0229,ACC00303,2024-11-30 00:43:00,Layering,32,Closed-SAR Filed,Medium,Analyst_05,2024-12-27 20:26:00,No
ALT00573,TXN002559,CUST0120,ACC00161,2022-01-26 17:40:00,Rapid Movement,32,Closed-False Positive,Low,Analyst_08,2022-02-14 09:33:00,No
ALT00574,TXN004058,CUST0026,ACC00035,2024-05-02 17:30:00,Rapid Movement,85,Open,Low,Analyst_01,,Yes
ALT00575,TXN002501,CUST0476,ACC00624,2023-02-05 23:32:00,Unusual Cash Pattern,54,Closed-False Positive,Medium,Analyst_08,2023-04-05 17:59:00,No
ALT00576,TXN003278,CUST0162,ACC00215,2023-03-22 01:28:00,Round-Trip Transaction,75,Under Review,High,Analyst_04,,Yes
ALT00577,TXN004562,CUST0491,ACC00641,2023-01-05 21:47:00,Rapid Movement,58,Closed-False Positive,Low,Analyst_07,2023-02-14 01:42:00,No
ALT00578,TXN003680,CUST0303,ACC00397,2022-11-24 15:18:00,High-Risk Geography,50,Escalated,High,Analyst_03,2022-12-20 15:14:00,Yes
ALT00579,TXN002211,CUST0475,ACC00621,2023-09-15 12:57:00,Layering,55,Open,High,Analyst_10,,No
ALT00580,TXN003107,CUST0209,ACC00279,2024-04-27 18:06:00,Layering,55,Closed-False Positive,High,Analyst_01,2024-06-05 09:30:00,Yes
ALT00581,TXN002360,CUST0436,ACC00570,2022-07-13 10:48:00,PEP Transaction,85,Under Review,Medium,Analyst_10,,Yes
ALT00582,TXN002551,CUST0096,ACC00131,2024-07-20 03:57:00,Layering,66,Under Review,High,Analyst_06,,No
ALT00583,TXN002509,CUST0369,ACC00483,2023-06-01 23:01:00,Structuring,100,Closed-SAR Filed,Low,Analyst_06,2023-07-10 15:33:00,Yes
ALT00584,TXN003109,CUST0172,ACC00229,2023-08-30 01:52:00,Unusual Cash Pattern,79,Closed-False Positive,Medium,Analyst_07,2023-09-11 08:34:00,No
ALT00585,TXN002309,CUST0380,ACC00499,2022-04-13 17:22:00,Unusual Cash Pattern,41,Escalated,Low,Analyst_10,2022-05-28 11:43:00,No
ALT00586,TXN001133,CUST0256,ACC00336,2022-11-27 17:06:00,Layering,35,Escalated,Medium,Analyst_07,2022-12-21 18:53:00,No
ALT00587,TXN003412,CUST0430,ACC00562,2024-08-06 14:35:00,Round-Trip Transaction,58,Under Review,Low,Analyst_09,,Yes
ALT00588,TXN002170,CUST0201,ACC00268,2024-10-03 18:23:00,Structuring,49,Under Review,High,Analyst_07,,No
ALT00589,TXN000518,CUST0046,ACC00064,2023-10-13 14:57:00,Rapid Movement,33,Under Review,Medium,Analyst_07,,Yes
ALT00590,TXN001664,CUST0006,ACC00008,2024-03-12 07:35:00,Unusual Cash Pattern,57,Closed-SAR Filed,Medium,Analyst_06,2024-04-02 07:02:00,No
ALT00591,TXN003255,CUST0299,ACC00392,2024-02-02 09:33:00,Structuring,43,Closed-False Positive,High,Analyst_02,2024-03-31 13:10:00,No
ALT00592,TXN003878,CUST0166,ACC00219,2024-12-30 04:43:00,Dormant Account Activity,85,Under Review,Low,Analyst_08,,No
ALT00593,TXN002164,CUST0352,ACC00462,2024-08-14 22:44:00,Rapid Movement,52,Closed-False Positive,Medium,Analyst_03,2024-09-06 23:14:00,No
ALT00594,TXN004473,CUST0436,ACC00569,2024-09-07 03:15:00,Round-Trip Transaction,75,Open,Low,Analyst_03,,No
ALT00595,TXN004753,CUST0318,ACC00418,2022-03-01 00:23:00,High-Risk Geography,68,Open,Medium,Analyst_01,,No
ALT00596,TXN002282,CUST0120,ACC00162,2023-07-15 17:13:00,Structuring,32,Closed-False Positive,Medium,Analyst_06,2023-08-20 19:43:00,No
ALT00597,TXN003960,CUST0326,ACC00428,2024-08-13 18:31:00,Unusual Cash Pattern,90,Open,Low,Analyst_03,,No
ALT00598,TXN002170,CUST0201,ACC00268,2023-03-02 04:04:00,Layering,98,Closed-SAR Filed,Low,Analyst_03,2023-03-25 02:57:00,No
ALT00599,TXN001736,CUST0343,ACC00449,2022-04-20 20:56:00,Dormant Account Activity,87,Closed-False Positive,High,Analyst_08,2022-05-21 04:43:00,Yes
ALT00600,TXN004584,CUST0154,ACC00203,2023-10-30 13:30:00,Structuring,37,Escalated,Medium,Analyst_10,2023-11-21 06:49:00,No
